placeid,night,morning,noon,evening
11601,293,16,45,275
170134,26,0,1,10
610907,11,1,6,13
244626,9,2,1,3
404377,14,1,1,2
233050,22,2,13,38
743699,0,0,4,9
802746,4,0,0,3
399627,28,0,3,25
4166267,0,0,8,6
47061,113,4,5,81
41485,92,4,2,169
64337,16,2,6,15
1325462,2,0,1,1
236923,10,0,0,5
236936,9,0,0,8
1209275,7,0,0,10
1013493,8,0,1,24
53368,181,5,16,252
9943,110,9,34,297
3096921,5,1,3,28
9996,85,9,34,318
1132125,5,0,0,15
10616,49,8,12,123
1184415,7,0,0,5
13257,70,5,5,88
3451739,13,0,0,11
53362,14,0,3,16
283310,86,8,18,125
12042,56,7,8,206
45455,2,0,0,9
360448,3,0,2,10
410772,8,0,0,11
536794,5,1,0,6
566422,5,1,1,8
598186,7,7,11,17
154234,60,6,9,33
1345168,22,1,6,46
1451677,9,0,1,13
1085299,9,1,1,11
832058,122,7,9,135
122316,27,3,1,35
11793,290,20,44,571
9952,153,11,22,371
463447,29,1,4,30
427053,48,2,2,9
386375,15,1,3,14
9948,183,28,72,315
53366,51,2,3,48
53358,17,0,2,22
55372,105,7,8,138
28788,412,18,92,652
668544,8,0,0,13
265053,33,2,4,44
668586,4,0,2,6
237097,96,5,7,139
143371,11,1,1,26
728439,2,0,2,6
562090,13,0,9,20
65260,50,3,14,82
65269,98,12,36,206
933818,13,1,5,29
103449,28,8,9,43
10990,33,1,12,58
340241,1,0,1,16
122047,6,0,3,17
122035,6,0,3,18
122015,5,1,5,12
121952,6,1,7,10
121993,7,1,4,15
121948,7,1,9,10
121975,7,0,6,14
121997,7,0,4,12
122118,7,2,4,14
122110,8,1,3,8
122114,8,2,5,11
121917,19,1,17,52
1562119,1,0,0,11
1261611,9,0,0,2
1300311,15,2,2,36
861311,241,11,35,371
341507,23,0,0,12
558076,134,16,52,263
9907,265,16,52,419
9883,277,15,106,392
20585,601,20,397,390
223827,25,4,2,14
1214806,8,3,0,2
13582,470,20,42,183
19857,60,4,3,45
9816,190,13,30,232
261655,38,18,16,23
447274,13,0,4,23
448537,10,1,12,16
266768,6,0,1,5
230951,3,1,4,6
40781,163,10,17,158
65026,22,0,27,55
79755,29,0,49,68
122362,9,0,0,2
220363,26,1,1,16
231223,21,0,1,10
34306,4,0,10,8
214983,11,1,6,10
57789,22,0,0,17
30882,15,0,0,19
61358,87,0,4,114
220265,4,0,0,5
212447,5,0,10,3
13261,45,2,8,23
165042,47,0,0,58
9958,23,1,0,3
200821,6,1,0,4
59305,22,0,3,15
64875,14,2,8,11
64641,33,9,12,42
43591,123,9,6,28
46276,33,2,13,37
30927,27,2,10,35
48582,68,3,12,45
38889,46,0,1,8
1063033,1,0,14,18
13455,53,2,5,24
6750576,25,4,1,4
331446,37,4,0,18
1400998,3,0,1,5
1142679,2,0,4,5
1400997,6,0,1,4
513677,22,3,1,1
43639,117,12,0,23
544303,55,5,0,7
6434287,20,0,0,3
745018,4,0,3,11
548943,7,0,0,1
806223,4,0,11,33
192249,39,3,3,24
12430,485,40,52,699
12233,213,18,40,132
1034506,1,0,5,10
900352,19,0,1,1
966522,9,8,0,0
332016,18,0,0,3
3115602,12,0,0,5
1422170,13,1,4,7
556888,18,2,0,0
928735,7,0,0,3
521501,24,5,4,33
225181,12,15,0,9
1270858,5,0,2,3
13248,59,6,10,79
1386578,9,0,0,14
23275,1176,94,543,1364
1223869,30,1,37,81
849131,8,9,0,0
764061,13,0,1,3
654906,29,0,1,16
37937,93,21,14,82
296369,72,11,75,70
1217701,0,0,6,10
96121,70,13,15,65
254456,21,4,24,78
326289,14,8,0,9
442587,9,1,0,4
907773,8,0,0,7
794743,5,0,0,4
916952,17,3,1,22
712412,9,1,0,4
144390,49,0,0,17
451883,16,2,4,16
140282,6,2,2,3
41113,30,10,1,7
243258,22,0,0,7
1322510,7,0,2,5
589371,21,2,0,7
33380,246,84,194,371
109469,29,5,29,23
186920,73,1,119,315
1080399,22,0,0,16
80192,73,12,2,45
62265,23,3,0,15
443875,25,1,1,26
25412,12,1,21,18
784232,16,2,0,13
439025,4,0,0,9
602628,10,0,2,7
101527,21,4,1,6
147786,57,1,0,73
102604,23,0,1,5
43456,74,0,1,18
120125,37,1,0,27
663072,11,0,1,27
794507,5,0,0,5
692157,5,2,4,10
463411,4,0,8,18
320356,12,3,0,12
748854,7,1,0,1
221465,16,1,1,2
36770,27,3,0,8
847835,9,1,0,1
1489031,29,0,0,38
38631,29,4,4,26
553771,15,0,2,12
915310,13,0,2,13
155638,48,5,26,47
434639,70,8,1,24
516711,11,0,12,41
1431326,59,2,0,3
161689,59,1,2,13
42865,9,1,1,18
10987,36,3,3,54
24699,25,7,9,15
459541,19,3,6,20
247116,48,1,5,20
28573,44,6,0,5
13258,41,5,5,21
1469384,5,0,0,4
243236,246,16,22,223
72026,11,0,2,12
499298,14,1,5,35
14764,11,0,3,5
1264727,9,0,3,15
600576,31,6,7,31
77913,35,13,9,36
43875,8,1,23,39
765820,67,7,23,127
221478,86,2,2,57
3020551,37,2,3,45
55132,41,2,1,38
1104587,14,0,0,2
538379,31,0,2,48
490542,14,0,12,101
602435,11,18,0,1
9905,21,3,2,18
359018,35,5,17,51
25795,228,16,45,122
405440,24,0,0,1
302324,4,0,1,5
437664,1,0,3,8
334420,5,0,7,36
1183880,5,2,1,2
1174695,1,0,1,22
1450149,8,0,0,4
125270,16,2,0,12
914346,3,0,0,5
668595,7,0,0,8
744797,9,1,5,19
1266188,7,0,5,9
1240530,14,1,10,23
545570,7,0,11,12
25860,24,1,7,37
296414,8,2,4,19
296365,15,1,4,30
542627,15,2,1,18
720904,3,1,3,3
468473,10,1,13,21
590423,7,0,0,9
138765,22,6,3,35
3555806,40,2,7,90
9207,48,6,9,73
27691,62,5,4,75
1243083,11,2,0,1
573399,6,1,3,6
378785,12,7,0,5
2584258,7,0,0,5
7031284,6,0,10,48
516411,32,6,4,19
6658836,0,0,2,14
291218,79,4,2,11
870719,13,0,2,9
463770,8,1,4,15
5719474,6,1,0,3
457491,11,1,5,19
369226,9,3,1,10
54497,18,2,11,33
840676,15,1,1,16
53963,24,1,0,16
914541,8,0,1,5
38615,90,14,23,95
7056390,67,25,10,86
1162516,14,1,5,20
1402255,3,2,4,6
74740,52,3,25,65
205921,10,1,3,19
132466,17,1,3,14
1186296,5,1,1,7
1449962,6,1,2,8
861173,9,1,3,18
1132814,103,4,66,139
732511,5,1,2,8
1200090,12,1,2,8
3370514,4,0,1,5
179394,5,0,0,5
386107,1,0,2,5
2054380,7,1,8,12
969964,3,0,1,4
60012,10,0,1,9
556629,5,0,2,6
1169659,2,0,1,3
3583636,0,0,2,7
188018,13,0,5,12
1175107,3,0,2,7
1175085,5,0,2,4
697436,3,1,0,1
758241,9,0,0,4
506952,7,0,0,4
1056513,1,0,0,4
1056493,1,0,0,3
445392,3,0,0,5
431519,3,0,0,17
1131433,3,0,1,5
1123054,9,0,0,5
489653,2,0,2,5
330487,8,1,1,13
908637,13,1,0,6
1801527,6,0,1,3
1488349,6,0,1,4
347811,24,0,1,10
721345,6,0,0,6
74326,39,8,6,13
17142,75,2,3,34
981670,9,3,4,9
357965,19,1,3,7
1014144,5,0,2,3
191521,8,1,7,9
1242198,4,0,4,8
26647,6,0,1,9
467907,23,1,11,36
600117,6,0,0,6
398877,12,0,0,3
303531,15,1,0,24
85846,7,0,1,6
623030,6,0,0,4
21195,4,0,1,5
556295,11,0,0,6
526017,9,0,3,5
1367412,3,0,8,2
591819,4,0,2,3
525785,6,0,1,3
525775,9,0,0,8
1210067,3,0,0,6
1025323,7,1,0,1
185784,3,0,0,5
129022,5,0,1,2
584059,10,0,0,8
1043471,8,22,0,3
764997,2,1,1,6
1186152,4,0,4,8
542608,3,0,0,8
1034376,4,0,2,4
455273,3,0,2,5
154320,10,2,6,15
49147,7,0,3,18
420320,4,0,0,9
114027,17,1,10,11
209963,9,1,5,7
425273,16,1,3,11
495114,0,1,9,13
298670,14,0,27,107
536820,8,1,6,14
222752,16,1,10,20
1096457,4,0,3,5
28687,43,0,41,28
1485271,10,1,1,4
1099024,2,0,0,8
904971,0,1,1,7
245820,10,2,16,18
938502,7,0,6,15
180164,8,1,7,13
220199,30,4,35,57
2297888,5,0,2,10
235448,57,7,1,49
705084,37,1,1,45
1008156,8,0,0,7
1014285,10,0,0,18
1520944,4,0,0,10
1725778,3,0,0,5
1091624,10,0,0,11
1330565,10,0,5,35
1278086,14,0,1,8
1048529,10,0,0,17
1584012,3,0,1,11
915364,12,0,1,10
739152,5,1,2,7
1508935,4,0,0,6
879082,19,0,1,53
694615,9,0,0,12
812206,77,2,7,88
143307,21,1,1,58
569483,6,0,4,25
382383,12,3,6,17
606163,2,0,3,11
496620,15,11,36,90
334647,31,27,13,54
1385895,11,2,6,14
1065291,10,0,6,8
1140433,4,1,0,4
474055,7,0,2,5
299564,7,2,1,4
536801,9,0,0,8
341540,23,0,6,37
222688,6,0,8,4
641204,4,0,2,3
91173,28,0,7,7
525997,10,0,1,3
336303,9,0,8,5
468704,5,0,2,3
591839,5,0,1,3
489318,9,0,6,5
985132,1,0,4,4
298179,6,1,1,5
275766,2,0,2,4
651693,3,0,1,5
788145,6,0,4,8
836186,4,0,0,2
660946,0,0,2,7
879690,2,0,0,6
304059,3,0,1,10
899515,5,0,0,6
171354,6,0,0,8
394420,4,0,0,4
142679,2,0,2,6
960067,2,0,2,6
135120,22,4,12,25
142650,6,0,6,10
262899,8,2,0,5
164842,3,0,0,6
137465,2,0,1,8
270019,5,1,0,3
200095,6,0,0,10
573328,12,1,5,26
218773,11,1,3,20
218779,18,3,9,28
132791,50,1,24,71
425462,9,1,3,14
1249549,2,2,37,9
159623,11,1,3,16
431560,3,1,3,11
582396,4,1,3,13
997815,3,1,1,9
653574,8,1,4,17
1068848,2,2,2,6
984651,4,1,5,11
527987,4,0,2,10
1727286,4,1,4,13
220883,15,1,9,31
135227,32,2,11,73
359021,10,1,6,23
1132695,5,1,3,18
605256,6,1,8,17
710254,9,1,3,20
1548642,5,0,1,10
159631,13,1,3,18
431246,6,0,2,17
906769,9,1,5,17
952005,6,0,4,16
5633592,3,1,0,9
6003363,2,0,0,19
143123,37,3,18,202
6420687,10,3,2,3
446992,4,0,0,9
26976,19,1,80,120
22154,35,8,2,17
198800,50,10,4,63
42622,157,7,5,68
424177,56,106,52,157
342054,32,5,9,51
213515,4,0,1,87
99409,165,18,1,76
185634,6,0,5,19
58252,46,3,1,3
60619,10,0,7,14
1217439,9,0,0,5
556729,11,1,1,4
306186,72,9,1,15
564036,20,5,2,39
37006,39,1,13,34
331266,14,1,0,19
162058,27,0,1,7
371078,49,0,10,106
215777,17,0,1,50
503808,12,1,3,4
303013,4,0,0,8
6567027,9,0,0,16
51765,90,0,10,150
285254,2,0,4,4
42519,40,1,9,61
904691,6,0,0,2
3195536,4,0,0,6
594958,6,0,2,4
346508,6,1,1,2
354837,4,1,2,13
344459,3,0,6,14
982526,9,1,0,2
175162,5,2,0,22
340685,1,0,1,10
536328,5,0,6,24
310660,20,4,2,17
600244,25,0,1,10
150738,73,18,14,44
35721,7,1,4,8
351939,11,0,1,15
38474,16,4,7,41
259552,7,0,0,13
433524,28,1,5,23
42626,14,1,2,12
42616,12,1,3,8
42620,14,0,2,12
625245,24,2,4,9
991596,2,3,1,11
226279,44,4,1,18
292352,69,1,21,76
54368,9,0,0,10
104896,31,3,10,13
164930,9,0,1,21
47766,25,0,4,29
166525,11,0,9,11
110700,7,0,2,12
124815,8,0,1,13
42853,4,0,4,15
42737,2,0,14,19
47733,11,1,3,16
194922,13,0,4,16
166302,5,0,1,1
192680,47,1,4,7
104057,9,0,12,16
195075,14,2,1,59
104758,8,0,0,19
104191,11,1,2,13
178122,7,1,1,11
154755,3,1,1,7
56803,18,0,2,24
144780,4,0,1,5
524804,6,0,1,11
813962,3,0,0,6
814013,7,0,1,1
427357,5,0,0,3
814052,3,0,0,3
238992,6,0,0,6
116137,12,0,0,10
116133,9,0,0,7
30683,56,1,0,20
1655324,1,0,0,6
513396,6,1,0,1
873139,4,0,2,4
37012,10,0,0,19
302405,6,0,4,7
573287,26,1,0,12
265484,9,0,0,8
435108,7,2,1,2
35138,79,4,1,16
487421,4,1,6,5
411226,37,1,7,23
410720,24,1,3,26
410724,20,0,6,15
281664,3,1,6,6
410734,40,6,8,30
80659,10,0,3,9
47710,51,11,76,57
772427,9,1,3,4
3832939,3,0,0,4
214595,15,1,5,24
409372,4,0,0,2
512640,7,0,1,3
1490845,3,0,0,4
331224,8,8,1,5
621381,6,0,0,6
1435649,5,0,0,8
763269,1,0,1,7
930403,9,2,2,11
520100,5,0,1,8
814330,6,1,1,10
814586,4,0,1,4
4599164,2,1,0,9
220752,6,0,0,2
1512709,28,0,2,36
238656,17,0,1,21
54202,64,1,3,68
236082,22,1,2,25
1158586,6,0,0,5
76511,7,0,6,19
739928,15,1,1,13
90211,30,0,1,58
764028,36,4,0,49
596226,16,0,0,0
354981,18,0,0,23
794007,42,2,9,64
553448,8,1,0,8
422835,30,2,9,33
74418,9,2,3,20
548752,10,0,0,6
693895,17,0,0,12
1231337,3,0,1,7
1192932,8,0,3,25
1430560,3,0,0,9
2240481,2,0,1,3
763878,7,0,4,12
285956,1,1,0,10
23658,25,3,8,32
1033697,2,0,0,17
13325,20,1,9,30
23474,142,7,1,66
223698,8,2,2,12
13424,129,10,28,227
152179,1,0,12,21
23795,139,10,15,58
166011,24,0,0,20
664556,4,1,1,2
414947,4,0,0,11
214601,6,0,0,4
281879,26,6,1,10
399988,17,4,1,2
14401,9,1,5,12
199835,5,0,0,3
970480,6,1,0,3
410743,14,0,5,9
670678,19,4,3,9
514364,10,4,0,9
541307,3,0,0,5
79949,6,0,3,4
451817,7,0,3,2
79941,14,1,5,12
725505,8,0,0,2
786729,6,0,0,2
325732,6,0,0,3
739758,5,0,2,5
438006,3,1,1,6
124814,16,2,8,30
13529,11,4,6,30
376494,1,0,0,6
255694,23,0,3,5
463736,17,0,0,11
227702,22,1,6,13
47722,20,1,10,24
601818,6,0,1,12
601787,15,0,14,12
51616,31,2,1,38
54588,38,5,0,24
965973,22,2,0,25
52832,71,3,68,230
242427,13,0,1,15
481310,5,0,0,12
546942,4,0,0,13
242436,33,2,0,32
202784,9,0,33,11
525516,4,0,0,12
220179,14,0,2,3
512661,3,0,0,2
351829,16,1,3,31
161686,23,3,3,21
254303,26,0,0,15
88251,57,8,2,32
154550,18,1,1,25
242530,31,1,2,9
25724,74,5,8,62
131599,26,1,3,27
109009,25,1,0,12
55416,19,3,0,14
278286,90,4,3,74
1509220,6,3,5,8
83600,43,4,4,9
58599,38,5,9,26
686893,31,8,3,19
316031,27,4,4,13
183160,21,0,7,38
6342779,6,1,0,3
55349,20,5,3,14
53354,20,0,4,26
104634,24,1,11,35
1299597,19,0,3,22
19938,102,6,26,106
196508,48,12,10,37
513447,43,8,1,14
102886,12,4,0,4
1102111,25,6,8,39
664108,38,5,10,88
1102091,91,12,28,144
30890,73,5,9,167
6467079,11,0,0,0
270115,2,0,1,5
1093900,6,1,1,3
111726,39,0,3,24
443700,53,14,0,10
55325,132,9,36,95
47497,66,5,14,104
854531,43,0,8,32
65281,92,6,21,100
818233,4,1,2,12
61732,126,7,3,15
76793,30,0,0,15
48932,35,0,0,33
205338,23,0,0,12
67051,18,0,2,24
981809,1,0,3,21
592257,5,5,2,1
479423,2,1,0,6
38640,53,3,3,6
22315,22,0,0,7
132304,6,1,1,166
794310,11,0,0,1
38625,50,0,0,5
76476,23,0,3,32
144824,22,3,0,16
1852970,6,0,1,4
310004,6,1,2,1
48232,18,1,1,11
131274,22,0,1,24
3533417,5,0,0,24
2060909,8,0,0,3
101136,24,1,4,36
33414,24,2,27,125
358675,27,0,3,25
325081,35,1,1,13
434652,33,8,2,14
68720,59,5,2,14
507168,12,1,3,7
9935,23,0,0,17
961372,4,0,0,8
315755,28,0,0,25
299765,6,1,0,4
285042,7,0,0,12
199387,12,0,4,20
553878,2,1,1,6
845709,5,2,2,2
837898,5,0,1,5
76491,30,2,6,14
772712,5,0,0,3
140003,10,0,0,0
375279,35,1,1,10
284853,25,10,7,21
761158,11,4,0,1
760918,3,2,0,0
76503,24,0,0,10
378069,19,0,0,0
288941,15,6,8,28
76413,8,1,0,6
76405,13,0,0,10
496563,14,0,2,8
469021,16,0,0,3
584405,22,3,0,2
442901,5,0,0,5
164648,15,0,5,12
575351,6,0,0,3
681001,3,0,0,7
200789,7,0,0,3
215564,8,0,0,12
175585,31,0,0,20
587742,2,0,1,6
487590,5,1,0,4
329443,4,1,0,20
336458,9,0,4,20
446654,25,0,0,2
492260,12,0,1,6
402923,8,1,3,9
290800,4,0,2,5
76513,36,0,1,19
30474,21,2,4,29
30902,16,0,1,5
502637,7,0,0,8
161652,13,0,1,8
168550,24,3,8,43
365007,27,1,23,121
435287,11,1,0,7
197403,73,0,1,37
291316,13,0,1,4
128389,6,0,0,9
71865,3,2,6,41
400003,1,3,0,6
165997,40,1,4,56
249462,22,1,1,14
296531,70,0,21,62
205852,11,0,0,14
1156600,7,1,1,10
1375005,13,0,0,22
1116067,11,0,2,4
1229162,10,0,2,9
1166712,21,1,3,17
177523,6,1,8,17
702084,7,0,0,2
13530,17,5,6,13
13512,21,5,6,12
13516,21,4,6,12
824647,7,0,1,5
745727,15,0,0,11
27838,19,0,1,21
13528,37,3,18,68
27847,5,0,1,9
13510,20,2,8,25
123407,11,1,0,4
1373089,4,0,0,6
205750,1,0,1,7
587900,1,0,0,7
13501,22,3,11,32
1364304,31,2,2,55
11796,23,1,1,25
13265,15,1,4,22
9831,74,6,9,117
20500,26,0,4,47
25458,14,2,2,39
12990,12,0,0,18
188458,13,3,0,4
207008,45,0,0,34
13499,22,5,12,40
13264,11,1,1,6
13260,18,1,5,5
328394,37,1,97,159
218491,36,1,1,8
34804,25,2,7,20
695905,10,0,0,9
635779,4,0,2,41
13506,12,7,8,32
13513,10,2,5,38
33607,24,0,2,29
916941,7,0,1,2
1062019,2,1,2,3
633427,4,5,3,3
54363,12,2,7,15
724337,3,0,2,7
306331,10,4,1,6
247467,4,0,2,5
287325,6,0,2,5
301431,20,0,62,67
55380,45,4,21,39
40257,51,4,5,28
640335,4,0,9,26
732589,7,0,2,10
324991,13,2,2,31
79027,90,1,2,18
99195,15,3,1,3
717248,1,0,0,7
119314,50,9,10,45
1014143,12,2,3,14
676062,8,1,6,27
27229,65,1,0,37
248638,13,0,6,18
135760,27,1,4,12
439423,11,0,0,17
1047395,11,2,1,13
200514,13,0,1,11
146984,37,3,8,62
77353,13,1,7,27
84586,65,4,5,51
55402,24,1,4,40
131672,8,1,0,52
225706,33,1,17,29
391237,42,3,5,16
6783897,3,11,6,7
1298028,13,6,1,3
44471,289,30,8,122
1116245,15,0,3,11
591442,80,0,9,34
848427,5,4,0,4
1172428,14,1,1,6
681880,5,0,1,3
578666,2,1,3,4
252954,41,1,0,6
325709,21,2,0,2
733211,10,4,2,3
935556,1,0,1,6
225967,10,1,0,6
492977,10,1,2,5
358662,7,0,0,1
53396,30,13,5,22
53389,6,1,1,3
384341,20,5,1,12
731840,20,0,3,6
335059,7,0,5,8
435242,10,2,0,2
6383714,2,4,0,1
840984,16,4,3,0
635147,4,0,0,19
946354,13,9,0,6
51418,24,3,5,25
465432,6,0,3,12
538332,4,2,0,4
3979012,3,1,2,7
1391364,3,0,2,13
741351,31,4,1,16
1303694,6,1,0,1
1352378,7,4,0,0
1136577,4,1,3,4
80079,9,3,0,3
992763,3,0,0,5
1319584,6,0,2,2
1262197,14,0,1,5
754009,2,1,1,8
55786,31,6,2,8
239023,8,1,0,4
1163193,6,0,1,1
3205784,11,7,1,3
786098,4,0,0,6
1055671,3,1,2,3
2519264,4,1,0,4
15693,33,3,1,3
47672,21,3,4,12
366778,11,1,0,10
537534,17,0,8,23
1297946,10,5,0,3
391420,0,4,2,7
6757441,8,3,0,2
624841,8,1,0,11
320252,14,1,5,12
239934,3,4,0,1
881211,6,3,0,1
172604,7,1,0,1
1309297,0,7,0,2
451832,3,0,1,27
603998,5,5,0,5
341655,7,1,0,3
537822,4,0,0,5
705144,4,0,1,4
6542416,4,0,0,0
44707,29,2,5,4
86728,15,2,2,22
434903,17,10,0,3
1024123,5,0,1,8
195249,4,1,4,6
497031,24,1,2,24
539358,16,0,1,16
301396,38,2,12,43
102671,6,0,1,4
852921,5,0,4,12
1059382,6,0,5,21
85213,7,0,4,6
1131912,2,1,3,9
121811,7,0,5,8
805780,6,1,0,7
964738,29,5,1,18
941010,6,1,2,5
832084,9,3,1,8
905874,4,3,0,4
386412,6,1,2,18
386439,18,3,3,21
140444,61,47,0,13
72907,24,19,1,0
22239,20,2,2,16
1381358,4,0,0,9
231063,16,1,2,15
191175,8,0,0,9
186446,4,1,0,13
303551,12,2,2,11
72747,19,5,0,4
6573870,9,0,0,2
1001283,15,1,0,12
200825,16,0,31,58
1373969,2,0,0,10
117184,73,5,0,14
1218359,12,0,0,7
912264,5,1,1,16
122102,15,3,0,15
120536,48,3,0,8
485642,17,0,2,16
705733,15,0,1,2
290686,21,0,1,14
38612,42,7,2,13
7214598,36,1,7,49
1495153,3,0,1,4
641241,8,0,1,4
59447,8,1,0,15
1219065,6,0,1,4
3202704,5,0,0,2
1508737,3,0,1,4
426311,3,0,4,14
12515,19,2,5,126
1444636,6,0,1,6
202283,44,0,6,29
936101,5,0,1,2
1498865,22,10,0,1
1186423,9,1,0,9
1599437,5,0,0,2
1570460,10,0,0,0
1516676,12,2,5,17
21530,80,5,24,188
32948,30,5,13,73
468500,10,0,0,9
42769,110,3,5,55
273300,151,18,5,82
46455,92,10,16,52
296534,101,17,27,93
43437,16,0,0,23
351778,3,0,0,8
2255718,5,0,0,3
650158,22,0,0,11
2049836,4,1,2,3
1029795,14,0,2,10
6084189,1,0,0,5
3132419,5,0,0,8
1039949,10,2,2,35
73642,20,2,3,29
7003765,3,1,1,4
249633,28,4,8,96
374612,9,1,3,24
1293312,2,0,2,6
6264749,7,0,3,7
404126,10,1,0,4
1139291,8,0,1,2
787220,3,0,2,4
1463297,6,1,0,8
19380,7,2,1,7
1086676,8,4,0,2
154015,5,0,0,5
846834,9,0,4,14
17835,9,0,2,10
542747,26,10,0,5
1163075,31,5,6,53
4074805,3,0,0,8
261174,9,1,6,16
214785,32,8,15,29
983264,9,2,2,1
88059,24,1,2,33
28258,50,2,4,58
164604,41,4,3,48
45342,39,5,18,58
938997,6,1,5,18
538387,23,0,0,15
970398,5,1,0,4
43153,122,9,5,38
963096,0,0,2,6
688509,9,1,6,9
540745,45,4,15,71
210018,44,0,1,11
566838,10,1,0,12
421504,16,0,0,29
457425,24,0,4,17
507373,9,1,0,0
371943,71,2,4,49
748627,15,4,0,5
17719,36,2,6,41
53400,55,3,28,41
517415,3,0,17,53
427175,30,7,4,22
32554,48,1,1,29
496474,18,1,6,7
37205,8,0,0,4
43527,17,2,2,17
137662,25,3,29,37
104465,79,13,8,47
41830,25,2,2,13
36949,123,15,1,12
602342,18,0,0,8
265696,23,0,3,37
86631,25,21,0,2
585253,10,3,0,7
53595,122,51,0,14
370548,63,16,16,69
305578,101,26,36,88
356134,14,6,0,5
172723,19,17,1,5
908802,18,2,6,14
577336,5,2,0,23
1383578,13,2,4,29
487627,22,1,1,11
144453,35,1,16,27
91161,3,0,4,6
43868,24,4,9,11
356758,21,7,2,17
119225,35,3,10,30
650675,2,0,5,7
360792,16,2,3,32
1072316,8,0,3,9
948165,2,0,2,6
948093,1,0,4,7
175642,15,0,2,29
878862,2,0,0,4
857736,4,1,2,10
818356,6,0,1,3
223953,7,0,0,6
680695,4,1,3,5
524451,11,0,1,14
587939,3,0,1,17
196712,4,0,1,5
663577,3,0,0,8
678293,8,0,0,4
662745,5,3,1,2
67257,11,0,4,10
464670,60,9,4,9
541799,19,2,2,7
129674,24,4,6,17
830020,1,0,8,12
1445741,5,0,1,2
37846,48,8,20,43
921372,9,1,2,11
921292,5,0,0,8
572562,6,0,2,3
946836,2,0,0,22
946889,2,0,0,21
296634,12,1,2,26
29292,6,0,2,1
10600,29,0,0,20
6874009,19,1,1,1
158299,42,3,0,11
5816744,25,1,0,0
1219348,15,0,1,9
511024,10,1,0,26
890204,2,1,1,5
10576,59,6,9,53
421374,10,0,4,21
384409,4,0,4,8
541529,4,1,1,4
53925,50,2,3,46
262553,24,3,2,9
6906291,16,1,0,3
831101,4,0,0,5
75343,1,1,1,9
226901,49,1,0,57
732345,6,1,1,13
6824729,4,0,3,6
1553734,2,2,2,5
1072168,6,1,1,9
507037,26,1,4,23
735959,10,0,30,115
1498868,14,1,1,2
27850,12,0,13,47
478424,18,0,4,8
4543817,3,0,1,11
193713,7,1,5,5
193682,37,1,3,22
189633,12,1,6,22
62802,85,4,4,77
879777,14,0,1,10
298715,5,0,0,8
71881,26,1,1,28
1035158,10,0,0,6
275621,7,0,1,28
617054,2,1,1,3
475066,8,0,1,2
161603,8,0,0,7
1042326,3,3,0,2
983451,19,0,0,6
176563,115,13,1,75
51504,29,1,47,36
942051,20,0,3,6
450825,14,1,5,44
473992,5,0,2,3
857537,13,2,0,5
290375,9,0,4,26
95255,13,1,12,21
22294,88,18,12,29
299167,8,1,0,5
448151,13,0,0,8
449330,5,0,2,8
135175,90,20,18,82
900942,16,7,1,2
1603220,17,0,3,39
965291,22,0,0,0
1349863,10,0,2,10
201905,45,1,0,42
606612,2,0,1,7
85975,16,0,12,36
291773,45,6,17,67
307186,2,0,14,54
526505,21,3,0,6
451447,6,1,1,19
212471,20,1,12,22
612923,6,4,0,3
192026,41,4,0,6
37013,26,2,0,14
740137,9,1,0,2
377861,5,1,1,4
355031,3,0,0,9
924243,5,1,3,6
459301,5,0,0,17
921560,1,1,1,20
831152,5,0,1,9
420352,1,1,12,60
196343,10,1,1,50
873703,33,0,2,19
384404,5,3,3,9
122854,9,3,0,13
199391,22,1,0,30
398494,18,0,0,23
147995,34,2,3,38
538328,22,1,1,12
191972,30,0,4,40
314347,9,1,37,25
33786,24,2,6,65
387990,5,1,2,6
90811,23,4,3,5
44842,76,5,4,22
397556,20,0,5,37
36993,17,7,0,4
64639,30,1,0,0
312702,10,3,0,6
1382672,20,0,0,3
351083,5,0,5,27
214031,10,1,18,25
147816,20,0,0,13
9889,54,1,5,58
686738,2,0,27,41
129126,81,17,2,20
52185,28,2,1,11
36803,29,1,2,13
1000400,7,0,0,2
187633,34,7,11,21
28331,24,2,1,18
281387,45,3,16,39
308941,12,1,10,15
1099685,20,0,2,12
1257550,0,0,12,18
441533,14,0,1,3
216089,33,4,14,41
1251921,3,0,2,2
1066066,8,3,0,1
1507427,15,1,1,8
65165,34,3,1,33
830077,4,1,2,5
57530,4,0,1,8
64431,12,3,5,11
65222,3,0,3,10
297740,22,2,5,39
279987,9,0,5,17
279972,7,1,4,15
6783903,9,1,1,8
720259,8,2,4,3
111243,15,3,3,26
528684,4,1,0,7
598933,3,1,1,11
902214,4,1,1,7
481671,8,1,14,10
988396,9,1,0,12
5907729,6,1,2,1
1516454,9,3,7,12
1508869,4,0,0,5
1075172,7,2,0,3
866892,11,2,1,4
82484,5,0,1,15
6529858,14,1,31,8
699191,2,0,2,6
549621,12,4,0,7
120760,20,0,0,3
65312,37,0,2,33
364638,6,1,7,15
657816,5,0,1,3
214717,15,0,0,28
123007,11,0,2,29
21662,13,0,0,37
922368,9,0,2,42
159448,23,2,11,18
889652,2,0,6,5
32342,6,1,16,11
1034816,10,0,2,10
847229,25,0,0,6
435384,8,2,0,6
11359,52,1,51,200
354187,34,0,1,21
53763,43,5,0,10
616174,14,0,0,13
1546129,0,0,6,12
79919,11,5,2,4
96411,6,0,2,6
411292,31,0,5,6
814051,34,0,3,3
36998,31,5,0,6
387128,18,1,4,32
1121052,2,0,0,12
801904,4,0,0,3
536353,8,0,1,3
962091,10,0,0,6
665830,6,1,6,12
75097,5,0,2,17
590178,6,0,25,33
342167,29,1,0,19
147173,8,1,5,21
474988,10,0,0,4
27507,30,1,4,29
677676,8,1,0,13
255647,14,0,0,1
397987,16,4,0,4
850895,0,0,13,18
589545,1,0,5,10
1128650,3,0,0,7
119897,26,2,6,40
69546,49,3,2,42
529239,5,1,0,14
1307198,2,0,1,3
1550868,2,0,5,10
907299,14,1,0,1
966309,16,4,1,0
55394,10,2,11,45
291518,16,3,7,14
54489,9,1,3,10
538185,21,4,0,2
1267494,6,0,16,14
439674,13,0,0,20
857647,3,0,0,6
1105011,9,2,2,7
1228477,8,0,3,14
51684,20,2,0,21
574704,3,0,2,4
1343473,6,0,0,3
917069,14,0,1,10
499609,6,0,0,5
124878,8,1,0,6
941148,4,1,0,5
39642,50,1,0,19
176520,83,4,4,38
460840,16,0,11,43
1051515,4,2,0,2
55341,29,1,4,28
151287,11,0,0,8
837331,2,0,1,10
383963,6,0,1,4
366741,13,3,6,36
123928,25,0,2,11
51747,42,14,7,51
375745,12,3,1,40
123231,23,1,9,15
241567,8,1,0,10
41780,13,0,1,18
504470,6,0,3,8
993888,15,4,3,14
1181311,20,11,0,6
1176456,16,1,5,12
27185,8,1,2,5
28949,47,11,1,36
1042237,16,1,5,17
1060284,3,0,0,6
724932,15,1,5,20
1115670,6,1,3,11
1542679,9,0,0,13
1501835,17,2,3,19
96024,6,1,0,34
36941,23,3,2,8
13140,32,1,9,40
48317,107,17,1,3
281821,7,3,2,5
496452,29,7,30,31
617549,24,0,2,5
1355727,3,0,0,7
1400587,4,0,1,7
821469,5,0,1,7
1034714,8,0,1,11
1245680,17,0,9,32
333205,2,1,5,5
985960,1,1,4,14
935056,3,1,2,5
78898,30,1,12,17
578841,9,1,4,16
108155,26,0,29,36
80905,19,0,18,46
159467,21,0,47,26
467237,5,1,3,11
1179377,3,1,1,13
419899,1,1,2,17
161463,8,1,3,14
218647,2,1,2,8
1022977,1,1,3,3
548175,4,1,2,9
113310,7,1,3,17
122543,4,1,7,17
993765,8,3,0,6
214702,4,3,1,3
22276,36,1,5,57
945853,2,1,1,5
385646,2,1,4,5
394083,3,1,3,22
1364371,2,1,0,4
584481,4,1,1,7
33095,25,2,15,20
1254461,1,1,0,8
152539,24,1,3,39
80740,13,2,7,28
122548,6,1,6,18
570430,9,1,0,10
731715,4,1,1,3
330935,10,1,8,14
329110,3,1,0,22
500193,2,1,0,11
296581,10,1,1,19
1098926,5,1,0,9
45210,64,10,172,167
745119,3,0,0,6
396912,17,1,3,9
260271,7,0,1,13
941849,7,0,2,12
53331,18,2,6,22
714277,3,1,0,2
625276,7,2,7,14
1314071,12,1,4,35
674386,3,0,1,8
468714,6,0,1,3
573590,3,0,1,6
455451,10,0,2,7
462953,3,0,1,10
285510,2,0,2,7
21369,28,0,24,35
182178,14,1,8,15
83174,16,0,8,29
31167,28,0,28,37
237987,20,3,1,13
683102,4,1,1,3
575230,63,2,1,63
1045674,7,1,4,10
1327768,3,1,0,5
229449,6,0,2,9
878456,3,0,5,8
1034146,4,0,2,3
1383750,26,4,8,16
988796,5,0,0,3
731694,6,0,0,8
854208,6,0,1,7
899383,11,5,1,8
563851,5,0,8,27
668613,10,0,1,11
541904,12,0,0,8
178738,11,0,5,10
728080,4,0,1,7
265592,7,0,5,12
1273240,7,0,3,14
1064560,2,0,2,13
845278,1,0,1,4
178725,4,0,2,12
208233,12,1,91,101
29680,46,1,5,29
787595,23,2,0,22
58427,26,0,2,19
681865,2,1,1,9
591418,3,0,0,7
279958,8,1,1,13
279930,7,0,2,9
279916,12,0,12,10
393353,1,0,4,18
281381,18,4,4,27
824301,26,1,17,14
6438539,4,0,1,3
779529,12,0,2,17
309652,46,2,13,56
155607,17,3,7,24
732182,24,0,5,22
75898,27,2,19,19
1535804,16,1,5,10
3764532,6,2,4,4
302709,23,0,10,22
453303,21,0,4,11
1531319,4,0,0,1
5339886,0,0,0,24
420474,3,0,8,22
424876,8,2,14,24
370091,2,2,2,9
459288,32,0,1,14
24779,66,1,43,32
512501,6,0,0,5
25267,7,0,4,12
1433616,1,0,3,6
692430,8,0,7,16
281784,55,4,0,7
328718,2,0,15,19
375639,5,1,0,6
309286,98,3,2,34
323103,5,1,2,10
89873,18,0,0,19
230622,9,1,3,8
183075,6,0,1,17
246575,26,2,0,17
218649,8,0,2,11
190746,5,1,2,9
190575,5,0,1,6
187786,9,1,0,1
27263,69,3,6,39
160251,13,0,3,8
68680,46,0,29,11
360361,9,0,4,15
460694,58,1,42,63
20587,66,1,48,62
182141,9,1,3,23
1025766,7,0,3,4
19060,10,0,1,4
237678,6,0,1,11
144910,57,17,14,40
1001379,11,1,1,1
290738,12,1,1,12
565823,22,0,3,25
23783,72,1,3,71
32523,9,1,3,14
75323,5,2,2,12
75327,4,1,0,6
464674,12,3,0,2
397536,32,1,1,14
838020,8,0,1,8
1078258,9,1,0,7
133591,27,5,5,21
646071,4,0,0,5
97746,9,0,0,4
304812,9,0,0,4
459273,9,0,1,2
13319,57,0,0,46
1051099,5,0,0,5
1581998,0,0,11,34
267383,8,1,0,4
717900,21,0,0,5
145039,56,5,1,27
219030,3,0,7,4
330766,4,0,2,1
3805390,6,1,1,1
814026,5,0,0,6
425942,1,0,7,26
264934,17,0,1,26
120665,31,1,0,3
37202,19,0,0,1
6438917,8,0,2,3
585480,6,4,1,0
140070,38,21,1,3
207095,21,11,0,6
366611,27,2,0,33
1085373,3,0,0,6
138764,17,3,11,53
239961,6,11,0,3
15695,34,5,4,22
53351,25,3,5,40
798839,15,0,7,9
378624,13,0,3,6
668643,26,1,2,12
501739,161,13,0,67
55673,80,2,19,125
7105032,1,0,0,7
7098395,5,0,0,20
6083811,9,0,2,11
21664,6,0,1,35
6343132,4,2,0,7
202707,14,1,0,12
247136,26,8,6,56
247155,32,15,11,33
351573,24,0,1,32
1519299,7,1,1,6
33060,46,2,1,11
85628,4,0,1,18
878287,12,0,4,23
462705,12,0,3,19
1467059,7,0,2,4
11436,13,1,1,19
403438,21,1,8,38
954319,7,0,0,9
9871,31,3,9,57
1559224,6,0,0,6
334672,6,4,2,23
1603362,0,0,3,6
53383,15,0,4,11
17547,20,1,1,6
246480,20,9,5,33
439726,16,0,4,23
629175,7,0,1,3
88833,27,2,2,6
1516700,5,0,4,8
59862,67,0,1,28
1588392,1,1,1,9
175053,8,1,0,14
52075,14,6,1,7
377110,8,0,0,3
760857,9,3,2,14
2050298,4,1,1,0
104333,35,1,20,42
174750,16,2,4,23
161634,30,4,5,31
2565622,1,1,1,6
1356589,26,2,12,44
120498,30,0,0,5
539303,15,2,1,6
10611,8,1,3,20
10610,9,1,1,27
1132155,18,1,4,33
1580618,2,1,3,6
643045,6,1,10,2
467435,18,2,7,20
48272,51,3,8,44
1276712,2,0,0,9
744824,4,0,0,6
538197,6,0,2,5
668644,4,1,2,6
552030,6,1,1,2
2494705,4,0,0,13
1150291,12,1,5,20
1301864,7,0,1,8
30056,130,11,1,17
147803,19,0,0,12
101462,4,0,2,7
2273503,10,0,0,7
53944,56,5,9,31
68112,70,6,6,182
228975,11,2,1,9
735484,7,0,1,10
25203,27,2,34,121
610464,9,1,5,17
38656,34,6,16,57
611716,8,1,2,11
44085,6,1,24,42
169428,25,0,0,27
903000,14,2,12,17
206638,25,0,0,30
931114,5,0,4,13
399329,8,2,0,1
42091,25,0,0,11
41571,4,0,2,8
1273600,4,0,0,5
43055,23,2,3,34
290608,43,1,6,90
463884,22,2,0,20
601937,18,6,0,0
487585,60,0,0,7
5810564,28,3,7,41
58821,14,2,5,6
592421,18,7,0,3
857752,14,0,0,3
174393,26,1,0,22
738812,1,1,2,11
861124,4,0,2,3
254711,10,0,5,14
131313,4,0,2,57
771521,1,0,5,5
191994,13,0,1,31
99441,50,1,0,79
383534,5,0,10,7
184583,13,0,1,21
445153,21,3,10,19
520049,4,0,2,10
180753,11,2,4,15
26178,23,2,2,45
163509,2,0,15,4
1092898,4,0,0,4
241240,17,2,4,10
590964,16,0,2,10
183360,3,0,2,3
631614,6,0,0,6
1553639,5,0,0,5
633524,3,0,1,6
1491054,8,0,2,6
254727,5,1,1,4
191185,5,0,1,5
326259,15,0,0,17
257691,14,1,4,17
635220,13,0,6,17
28924,23,0,0,20
871545,23,0,16,37
179766,5,1,7,26
216053,14,7,2,13
963715,10,0,1,4
464771,3,2,2,2
603581,1,0,0,11
57556,2,0,3,8
504888,1,0,1,8
632668,9,0,1,7
241283,2,0,2,7
824588,4,0,1,9
171268,5,0,0,6
53928,10,0,4,11
440656,15,1,3,9
440545,11,0,3,7
37167,35,1,2,22
91261,1,1,2,16
492364,3,0,2,7
129754,5,0,2,23
21101,27,0,9,57
152957,2,0,0,7
182002,2,0,1,9
401933,12,0,2,21
409745,8,0,0,1
369148,6,0,0,6
167011,23,1,1,1
222732,14,0,3,23
275876,37,1,4,26
63761,12,0,16,10
108923,8,0,0,8
52513,4,0,4,2
269113,10,1,0,10
128451,7,0,0,7
57496,4,0,54,14
173230,12,3,2,10
194924,14,0,0,5
73478,4,1,1,10
50084,12,5,3,12
183449,4,0,4,2
32762,14,0,4,25
129756,5,0,0,6
115261,0,1,6,8
215103,13,0,0,2
239142,19,2,0,13
201758,20,0,0,3
287580,42,5,1,10
443648,15,0,0,2
68457,14,0,0,4
1524442,6,0,0,3
840549,5,0,0,9
474784,13,0,1,2
1005752,6,0,0,6
358434,4,6,0,4
822270,4,1,0,4
320100,8,0,1,16
87694,17,0,0,3
120836,19,0,0,5
76507,7,0,0,3
120826,11,4,3,15
237279,2,0,1,5
617423,18,5,0,1
9939,25,2,0,21
778382,6,0,0,5
459235,10,1,0,1
73778,31,2,0,12
76488,32,0,0,19
683057,7,1,2,6
388764,22,0,0,3
546695,11,0,1,8
748761,12,1,0,4
285239,5,0,0,5
446644,6,0,1,4
305617,10,1,0,1
724365,12,0,1,14
459158,17,0,0,5
172085,11,1,1,0
521082,5,0,0,3
53338,24,3,7,20
658155,4,1,0,4
600104,6,1,0,9
53347,7,1,0,5
604355,4,0,1,3
326481,31,5,6,28
43314,41,2,2,55
286169,9,0,2,11
398704,8,4,0,4
76400,11,3,0,4
521403,7,1,0,2
521389,10,1,1,3
76497,32,2,6,35
102767,62,1,0,45
213836,15,1,4,25
336052,10,0,0,5
316437,6,1,0,1
232084,29,12,0,3
57066,23,7,2,21
102713,17,4,2,1
37113,11,0,1,15
3340312,5,0,41,26
667592,9,1,3,24
1363940,4,0,1,19
388401,9,0,8,30
306266,8,2,0,2
1459169,12,0,0,2
602386,18,1,0,9
602420,7,0,0,11
23909,23,2,0,17
1101027,17,1,0,9
544328,13,0,2,8
302818,22,2,0,11
548089,20,2,5,22
668551,9,0,3,15
749611,24,1,0,11
907954,8,1,0,6
625632,21,8,2,4
6413368,4,0,0,4
371108,15,3,4,16
1456913,8,2,0,6
1581894,6,1,2,8
225946,16,0,1,3
140408,7,4,0,2
452532,10,3,4,12
274941,25,0,0,24
162154,22,3,5,22
421881,28,4,7,29
530767,14,2,1,2
181275,7,0,4,9
212415,3,0,38,10
157745,16,0,1,7
186816,4,0,10,12
228047,3,0,9,8
354326,32,4,5,27
260732,40,1,0,17
55398,22,0,2,20
448690,5,0,2,12
20279,43,1,1,12
363852,7,1,0,10
351446,2,0,0,5
42695,5,0,5,12
133349,16,2,3,9
193591,2,0,1,14
237210,37,0,3,54
585727,12,10,9,48
122413,11,1,0,15
154138,20,1,0,33
496525,7,1,4,9
853779,7,1,3,24
787173,10,0,0,0
372342,7,0,0,1
331874,6,0,0,4
305906,19,0,0,42
60383,3,0,5,27
53484,40,2,4,18
439555,7,0,0,5
459171,17,0,0,2
399786,7,6,0,0
5244472,9,0,0,13
307966,11,0,8,29
348854,1,8,0,2
879018,3,0,0,10
372245,4,0,0,6
397095,3,0,0,16
505310,2,0,9,12
366601,12,2,0,1
382376,12,0,1,18
1035025,7,0,2,4
52749,7,0,1,4
496594,2,0,0,12
892027,15,0,3,18
712606,8,0,2,13
594216,5,0,0,7
1407464,1,0,0,8
276079,12,0,1,10
36698,1,0,12,53
1479024,6,0,0,6
475741,44,2,0,15
485606,21,0,0,19
529168,8,0,0,13
58434,49,2,0,31
1110635,9,0,0,1
172042,18,0,0,34
395195,1,0,4,27
264671,13,1,1,12
157711,10,3,1,13
626833,5,1,0,14
812895,7,0,0,1
292606,5,0,2,7
1087785,11,0,0,2
259971,38,0,2,9
82704,8,1,1,6
418878,14,2,2,8
10601,8,0,2,12
468813,7,0,0,7
37184,12,0,4,14
448729,16,0,0,13
166075,33,0,0,2
416639,6,1,4,7
143567,22,2,3,35
383780,4,1,1,5
377961,22,0,1,4
372643,2,0,0,11
47462,23,1,0,14
41703,49,2,3,20
17830,24,1,10,14
1473151,9,1,8,11
526050,12,4,6,6
562427,14,1,1,10
506582,3,1,0,5
319289,2,1,0,16
497688,8,0,0,10
443410,1,0,0,1
508303,5,1,0,4
28294,39,2,4,22
391006,13,0,1,2
20497,13,0,2,3
220741,6,2,1,8
369403,13,1,1,24
302355,8,0,0,12
504364,16,1,6,22
420985,16,0,1,14
6874197,8,0,0,1
236287,20,2,0,13
471699,8,0,6,84
355104,17,0,0,9
952363,7,0,2,20
584249,20,3,0,5
6396810,36,1,6,14
75080,64,1,9,77
87530,17,1,1,25
539222,9,1,0,1
348188,21,8,3,5
1410558,4,0,0,6
231901,42,3,2,39
101480,7,0,3,7
226190,28,9,0,1
497083,34,0,0,12
513829,26,2,0,11
847619,19,2,1,2
502261,7,0,0,6
5611091,6,0,0,4
3189139,4,0,0,7
801821,2,1,0,9
6707653,3,1,0,9
233440,7,8,0,1
594516,4,0,2,9
195217,16,0,29,23
304880,78,2,8,50
320082,9,1,0,16
277929,23,0,0,9
848785,14,3,1,1
86207,14,1,0,14
6021577,22,0,0,20
57562,13,9,2,9
140501,38,14,0,9
479943,5,0,0,6
38628,13,0,0,9
624867,15,4,0,8
179784,89,9,0,47
585076,9,0,0,0
206358,18,0,1,8
39023,22,0,0,7
1120889,1,0,22,33
231754,14,0,0,8
1087796,11,0,0,5
1195540,5,4,0,1
811403,11,4,0,1
913161,1,0,0,8
36218,77,2,0,76
403984,2,1,2,5
46307,0,1,2,17
640817,2,1,2,4
34308,44,1,7,46
590208,11,0,1,23
154349,21,1,4,29
55185,40,0,1,71
840634,21,1,0,2
92109,2,0,0,9
53352,20,1,0,8
175375,4,1,0,7
35964,13,0,0,23
183946,11,4,0,11
165549,7,0,5,15
37049,9,1,2,7
1562766,20,1,0,15
450576,7,0,8,22
310739,3,2,0,6
55386,75,7,20,94
334824,8,1,3,22
142996,4,0,0,2
85373,19,0,0,8
532495,10,0,4,6
502277,5,0,2,5
561459,5,0,1,2
620577,3,0,0,3
1059289,3,0,3,2
11717,10,0,0,25
445891,9,0,5,6
561511,5,0,2,9
561487,6,0,1,5
899566,5,0,1,3
572471,9,0,3,5
777878,8,0,0,6
192098,6,0,1,8
1092327,6,1,2,14
900217,14,3,4,15
5535776,14,4,7,6
621883,24,0,0,6
202297,14,1,0,2
378210,28,0,1,10
299816,15,0,0,1
44369,40,4,16,41
825133,40,0,4,21
247089,4,3,2,9
769117,2,0,27,4
235457,69,6,8,46
780216,14,0,0,6
236454,18,0,5,14
84582,17,0,12,26
816863,0,0,2,6
811988,10,0,0,2
218213,39,2,22,57
772455,5,1,5,7
464088,9,0,1,7
636961,4,0,1,8
6464136,5,0,2,17
6511243,1,0,0,6
10608,25,5,9,45
499511,37,1,53,71
5283939,6,0,2,5
334782,7,1,3,35
1536829,7,1,2,11
1241475,6,0,43,81
2639694,7,0,2,8
2304078,6,1,1,9
1221181,4,0,5,8
366220,9,3,8,11
427389,11,0,9,10
911074,10,1,3,10
427239,13,0,1,8
511739,20,0,0,20
457317,6,0,1,11
481388,11,0,0,11
27154,13,0,1,9
10621,52,0,2,33
34504,11,2,4,13
42681,24,1,24,18
818012,1,0,3,18
184078,28,3,0,13
759436,8,0,0,3
514330,2,2,0,3
909111,7,4,0,2
1026036,26,12,1,7
349236,10,7,2,1
273063,5,0,5,15
1130305,15,0,5,27
1217262,7,0,2,10
966013,9,0,0,2
1080245,2,3,0,2
1570625,62,1,0,63
239919,37,11,0,4
894586,34,4,1,2
57140,25,4,7,28
79934,13,1,2,17
201864,23,0,2,20
3188828,1,0,0,4
76412,13,0,0,3
68568,7,0,0,4
1259099,0,1,2,5
75683,37,4,0,9
833773,14,1,1,10
382545,8,1,1,3
284742,5,0,0,4
375325,5,1,1,5
17636,19,0,25,65
107132,51,0,1,35
226509,3,3,0,0
133713,7,3,0,5
244354,13,2,0,6
1564641,40,1,4,123
479764,14,1,1,14
589896,7,0,0,5
532479,4,0,5,8
411241,13,0,3,11
55396,14,0,1,12
524149,8,0,1,20
556778,12,0,0,4
22392,15,0,12,20
513654,9,1,0,5
308688,29,1,0,9
990477,12,0,2,14
953123,8,0,0,10
310512,21,2,1,21
833555,20,4,0,5
1143446,5,1,0,2
908790,37,8,0,21
530511,16,0,2,9
32336,14,0,0,4
1412191,4,0,5,12
441929,9,0,0,8
833599,11,1,3,14
585081,10,1,3,11
490926,9,0,3,14
1024756,0,0,1,9
360157,19,0,0,7
37216,14,0,0,1
699873,9,5,3,22
479468,5,0,6,19
383203,51,14,1,5
558144,2,0,3,7
861351,6,0,0,3
500896,4,0,4,6
89425,2,1,1,6
41487,30,10,1,13
651948,3,0,5,10
116878,12,1,0,4
382591,15,0,4,15
627614,4,0,5,22
254405,34,0,0,6
164832,2,2,1,26
977898,8,0,1,7
740023,16,0,1,5
787178,21,0,0,3
326058,4,0,3,8
364587,0,0,0,8
1386687,1,0,0,9
1451984,12,2,3,13
712497,7,0,0,3
602424,10,0,0,9
372597,9,1,0,5
575292,1,0,0,7
714462,4,0,5,3
1180997,5,0,1,3
905755,3,2,1,2
192115,5,2,2,3
626509,4,2,0,5
784023,4,1,3,1
355670,4,0,1,5
1109850,1,1,0,1
840799,9,2,0,1
1060886,3,1,1,2
510505,6,1,1,13
174280,13,1,2,15
845779,4,0,0,8
701344,7,1,0,9
42073,25,2,1,14
1108172,3,1,42,6
122238,19,0,0,16
351489,5,0,1,21
398824,22,2,4,18
905835,6,0,0,6
195613,31,1,17,67
993425,7,0,1,7
331196,23,1,0,7
25803,24,3,18,23
116441,17,1,0,24
72381,4,0,0,1
1087464,5,0,0,11
164859,8,0,0,15
94837,28,1,0,15
596371,20,0,0,3
622943,5,0,0,5
749678,12,3,3,5
560134,6,1,3,10
484107,7,1,1,2
27310,15,2,0,11
457911,11,3,3,22
390238,26,1,0,17
708795,1,0,0,16
705523,10,1,1,7
626968,8,1,1,5
914780,9,1,0,18
173967,4,0,2,10
408120,2,0,4,14
827751,7,3,2,8
886473,5,0,0,11
566236,11,1,1,3
688976,17,1,0,4
786007,20,3,2,11
1033729,7,0,0,1
972836,13,3,0,6
287942,60,8,1,8
50230,9,1,0,16
164494,35,4,13,50
446802,35,4,0,26
446778,33,1,0,18
253633,5,3,0,8
62765,22,2,2,23
351993,3,1,1,11
480580,12,1,0,4
530885,4,1,0,4
321526,3,0,0,6
298722,10,0,1,5
382019,3,0,3,18
49714,16,0,1,12
300618,3,8,0,0
799777,4,0,2,7
58432,8,0,1,1
391167,17,2,0,15
172142,12,0,0,0
138783,3,0,0,9
1396197,3,0,2,3
1218774,7,0,0,5
1274808,3,0,11,10
1099842,2,1,1,4
340710,20,3,5,17
33490,15,0,7,50
27903,10,1,2,20
854039,2,1,2,6
126643,25,4,0,0
594234,6,0,0,3
521101,41,0,1,13
196635,27,2,0,11
48347,41,2,1,13
541765,2,0,6,20
1109586,1,0,3,14
925706,15,1,1,1
1056645,9,0,0,15
80744,38,0,1,23
51717,13,2,0,10
517233,3,0,0,10
1349622,0,0,0,14
348701,21,0,0,1
1352265,47,3,0,10
1219711,19,0,0,6
447725,36,1,3,27
218331,14,0,1,8
625026,30,14,0,1
324247,15,0,0,8
427691,29,1,4,20
548841,3,0,4,2
163409,5,1,3,7
154326,29,2,58,97
452213,21,0,9,31
354032,10,0,0,7
15667,30,3,2,18
170386,10,1,21,25
6422510,1,7,3,1
646515,14,0,0,5
378077,37,1,0,16
309733,14,1,1,7
402642,5,1,0,5
239795,4,1,1,7
239802,3,1,1,7
1346260,5,0,0,5
1088870,3,2,1,4
6241447,8,0,0,2
256101,7,1,0,5
239845,14,1,2,18
579840,13,1,0,10
712290,3,0,0,4
712294,7,0,0,7
185377,4,0,2,2
540721,12,2,6,9
293307,21,4,0,2
1457760,3,2,2,4
1105519,7,4,0,4
585531,10,6,0,5
86329,22,0,1,27
816811,4,0,1,7
1140857,32,1,8,42
702875,8,4,0,3
637000,4,1,1,2
387962,3,1,1,7
27108,17,2,1,15
377867,6,1,1,6
915982,7,2,1,8
1365928,5,1,1,7
3995896,3,1,3,15
6282846,2,1,2,7
441251,14,0,0,3
403673,10,0,1,2
28986,26,1,15,53
1140413,11,1,6,24
1207900,1,1,0,5
435032,7,2,0,1
495341,2,0,2,3
1088500,9,1,0,1
641518,17,1,1,12
267325,24,0,0,12
762659,4,0,6,17
749453,4,0,1,4
111107,30,0,0,38
200670,23,2,1,6
308069,30,2,0,21
1541567,7,2,2,3
96104,6,0,6,18
403532,18,0,2,24
473103,3,0,2,9
1148996,2,0,5,18
1262474,13,2,0,3
228311,6,2,8,16
1582643,13,0,0,12
510024,3,0,2,8
196655,8,1,2,12
463507,3,0,3,5
1071524,8,0,10,13
6601218,10,4,11,18
474077,3,0,2,6
474103,12,0,2,6
564571,10,0,4,4
1337928,1,0,0,10
6414326,3,0,0,2
180436,7,0,7,9
4064465,11,0,0,12
529786,6,0,0,4
4556545,2,0,0,5
360083,12,1,6,8
228956,8,2,2,16
719083,8,2,1,7
1096944,15,6,0,3
5169613,8,0,0,5
13270,22,0,3,31
442751,3,0,1,2
772410,14,4,4,5
501891,4,1,0,8
221561,11,0,0,4
159887,8,1,2,9
1365019,1,1,3,4
1324388,5,0,0,2
852139,3,2,1,7
313465,3,0,0,12
385938,2,0,4,9
382458,3,1,2,10
1469060,7,1,0,6
825127,1,0,0,14
323889,11,2,1,11
468595,1,0,5,15
409014,10,1,0,13
150514,23,0,14,37
668351,11,0,1,22
537537,4,0,0,4
808314,5,0,0,6
222824,20,1,6,18
324578,8,0,0,6
1250151,9,0,1,16
120450,64,1,2,25
1020530,3,0,0,4
1137074,18,0,1,10
231122,57,1,1,19
296375,11,2,21,22
250154,7,5,2,5
32641,21,0,1,16
310510,17,3,3,24
1501346,2,0,2,3
552588,6,0,1,12
215633,10,0,0,0
747748,4,0,2,4
324278,5,0,2,4
874147,10,2,1,6
792666,7,1,0,2
182997,16,2,1,10
123284,5,0,0,6
655603,11,0,0,4
239897,12,1,0,2
595356,4,0,0,11
447304,3,0,1,4
442519,9,0,0,9
308952,6,0,1,2
427352,26,0,2,3
128028,3,0,0,6
589760,10,0,3,12
1307128,7,0,0,6
431685,15,0,2,16
427213,14,4,0,8
1404314,11,1,3,14
1151672,5,1,2,6
47459,7,0,7,19
496434,0,0,3,8
1053160,3,0,1,6
299834,12,2,0,11
38431,21,1,25,47
591662,13,0,0,9
61543,18,2,6,29
318554,3,1,14,24
667536,11,0,18,22
102811,10,30,2,5
1222655,2,1,1,7
831398,11,0,3,10
231653,11,0,3,9
481430,3,0,2,3
47656,39,2,42,45
183971,50,12,6,22
251514,24,0,40,66
691132,4,0,2,9
511451,3,0,2,11
6816278,3,0,0,6
825862,4,0,2,12
122615,25,0,8,31
374163,132,0,38,37
188535,51,0,6,45
939544,2,1,5,7
787281,8,0,1,15
472868,5,2,9,15
196553,13,3,6,13
783675,3,3,3,8
902638,2,1,6,10
1149568,2,0,2,18
1126146,8,0,11,15
37019,8,1,2,9
964462,8,0,2,16
386466,12,2,4,18
1086865,3,1,1,2
72060,6,1,1,3
479916,5,1,2,7
1150583,5,1,1,9
55133,18,7,0,7
1168049,7,1,0,3
612042,11,0,0,3
718705,5,0,3,5
877591,2,0,3,5
738225,2,0,1,11
1163461,5,0,0,5
1296772,3,0,1,6
261967,15,1,3,13
662978,6,2,8,17
714409,6,0,6,10
55354,21,3,2,23
55364,12,0,2,11
53343,21,0,0,32
138812,8,0,1,12
441896,12,0,2,28
668548,6,1,4,8
1562323,5,0,0,7
1145430,5,0,1,0
549840,15,1,1,2
239143,21,2,0,3
562352,15,1,1,5
233109,62,5,0,18
453457,57,21,1,1
60913,20,0,0,8
513093,27,1,7,42
561674,13,2,1,10
561550,10,0,2,10
121954,7,1,5,7
560231,1,1,0,8
551685,1,0,5,5
556632,5,0,5,1
157800,34,4,9,24
555650,12,2,0,9
223236,7,0,0,14
247197,13,1,1,12
164540,3,0,7,42
548785,4,0,1,6
76487,21,0,1,8
79923,23,1,1,6
79926,20,2,0,13
546649,8,0,1,6
180163,18,2,2,20
303945,2,0,13,13
1048925,3,1,0,6
1022200,1,0,6,0
402650,14,0,0,15
1186784,8,0,0,0
1267278,65,1,6,85
477965,14,0,3,20
799179,1,0,0,8
507298,13,0,0,11
63955,3,0,1,12
369493,10,1,0,22
433892,22,1,4,7
151164,25,2,1,44
640602,9,1,2,13
1233324,6,1,1,1
427980,6,0,1,3
715123,3,0,0,6
331086,7,1,0,7
624374,8,0,2,5
179330,2,0,9,24
155692,12,2,8,17
302193,8,0,2,10
201790,4,1,2,4
241539,2,0,2,9
320418,22,1,4,15
748734,17,0,0,9
151203,6,0,0,7
7100431,13,0,3,9
410634,11,0,0,2
80077,27,1,0,13
3561769,12,0,2,0
18344,12,4,1,11
1025808,9,0,0,4
693815,0,0,0,9
332075,7,0,0,4
13382,15,1,0,6
695134,1,0,1,12
529277,2,0,0,9
193770,101,12,22,50
447723,13,0,3,14
695982,7,0,0,6
209277,10,0,5,20
756942,2,1,2,12
127322,5,0,11,17
1317546,1,0,1,17
424589,6,1,1,9
1299574,2,1,1,3
601591,25,0,20,16
802644,4,1,1,7
434889,18,0,1,2
245665,3,1,3,5
226683,17,12,2,8
506780,7,0,2,7
351317,10,1,0,7
891236,3,0,3,10
333773,7,1,1,3
87263,9,0,2,7
501139,8,2,4,7
227196,4,8,0,8
263048,8,3,1,3
152058,5,0,9,34
164762,3,0,6,20
80502,9,0,5,39
49824,7,0,1,63
122537,6,1,8,56
1349817,10,0,36,5
382257,5,1,3,35
1162760,2,0,0,9
377974,4,1,0,5
1113683,7,0,0,6
278427,26,0,2,28
506767,8,0,5,8
512986,12,0,0,4
598777,4,1,0,16
663373,5,0,0,7
505618,8,0,0,3
297497,4,0,0,13
1007265,18,0,0,5
82124,8,4,4,24
1458977,10,0,18,19
1230712,1,1,2,11
377580,18,1,0,9
784565,4,0,5,14
433922,24,2,9,13
424602,8,0,1,11
528567,1,2,2,4
715884,6,1,0,7
67943,15,0,1,23
1012943,5,1,0,5
1404012,6,0,1,6
1000866,3,0,2,2
1231307,6,0,1,7
579491,6,0,0,4
1000791,33,1,1,13
1318519,5,0,0,0
643007,5,0,4,12
280345,6,0,3,8
701294,6,0,4,4
484817,20,0,1,40
2056188,3,2,5,7
122779,7,1,0,1
500507,5,0,1,6
614367,4,2,1,4
911445,2,0,4,3
592298,6,2,0,2
260146,3,0,1,14
646162,2,1,1,4
562383,12,0,0,3
611916,25,13,6,13
7081365,0,0,5,8
787690,8,0,2,5
7061529,8,0,0,20
203596,14,5,3,8
123223,10,1,2,10
229166,23,1,14,29
556820,6,5,1,5
505084,1,1,0,10
154335,25,1,19,19
367154,31,5,12,16
228309,8,2,3,21
447310,6,2,1,10
191577,11,1,2,21
573842,2,0,2,14
317026,21,7,0,6
1261771,5,0,1,3
590865,6,1,2,6
714651,12,0,0,5
99286,14,1,0,8
41307,15,0,3,16
779835,15,1,2,2
1217290,6,0,9,28
144185,30,1,1,12
502042,15,1,0,6
858111,20,0,1,6
1537963,8,0,3,7
600432,24,2,0,7
693333,5,1,0,13
831039,2,1,2,8
264403,10,3,1,10
1564322,5,0,0,3
1142947,6,1,0,7
1564018,4,0,1,5
123337,27,4,1,10
1494281,6,1,2,10
670797,1,0,0,9
55399,14,0,2,13
55401,10,0,2,11
758571,2,0,1,10
513793,3,0,1,7
213597,3,0,6,30
538357,7,0,3,11
4502471,11,1,3,17
601574,6,3,3,7
7153778,6,1,7,12
5714352,2,1,1,4
381324,10,0,0,50
47092,22,11,0,2
701345,22,0,0,10
1503855,3,0,0,15
24538,13,0,0,26
33494,20,0,1,5
396791,3,0,0,16
419915,1,0,1,7
73676,23,0,0,16
513668,14,1,0,2
652238,22,2,0,1
24611,2,1,9,28
1309762,14,0,0,2
183256,21,1,1,21
339544,7,5,1,17
78718,37,9,1,5
5601036,5,0,1,5
42963,6,0,7,11
387246,10,0,0,12
391377,9,2,1,4
304445,4,0,4,8
451837,8,0,0,1
116094,26,1,0,20
396392,3,1,1,6
389669,21,0,1,10
364523,13,0,2,23
225681,17,1,3,7
305953,7,0,0,4
211493,15,6,1,0
354611,3,0,1,3
333231,4,0,131,48
1594583,61,3,9,41
5001162,8,1,1,10
170348,2,0,1,8
2862817,0,0,11,5
840486,12,0,0,7
2442724,23,0,0,24
42716,23,3,7,24
559905,16,1,0,17
458396,2,0,3,6
486850,11,0,2,12
33492,41,2,0,5
553437,14,1,1,18
210741,22,3,0,15
543963,6,1,8,12
425938,7,0,3,5
331694,5,0,0,5
32960,18,0,23,46
819758,7,0,0,7
819222,1,0,0,7
182549,11,3,3,11
167120,5,1,1,3
139192,0,1,0,4
510538,4,0,1,8
510557,5,1,0,5
1087655,7,2,3,10
738893,6,1,0,8
772219,7,0,4,13
180179,13,2,4,18
1468272,6,1,0,3
1158189,13,0,1,6
330852,8,0,2,27
33445,17,0,2,8
69749,11,1,0,2
591958,5,3,1,2
794291,5,1,1,1
79950,8,5,1,5
339553,19,0,0,3
533137,3,1,1,13
151064,12,3,0,0
52408,8,2,0,6
845363,2,1,2,16
231975,9,1,0,7
540890,13,0,4,11
181646,14,1,17,10
1023738,0,0,0,9
40939,81,5,1,14
33998,16,2,1,4
966445,16,1,0,7
976127,0,0,0,12
483439,9,14,0,0
166156,4,3,0,5
844728,1,0,2,29
555395,6,4,0,4
548630,10,0,0,8
696258,7,0,0,3
459004,34,1,0,10
68655,7,5,0,2
27291,22,1,6,16
1567913,10,1,4,15
36995,8,0,0,5
1314518,4,0,1,6
102570,15,0,0,10
447667,5,0,0,14
218746,29,1,27,19
183180,19,1,3,26
521249,16,0,0,7
102372,31,2,0,12
668559,12,0,7,12
1256172,18,0,0,4
55392,12,5,4,16
7234464,5,1,2,3
221756,19,1,1,0
27442,2,8,1,9
91331,5,0,2,12
297413,15,2,0,14
140435,31,19,1,6
391427,20,10,0,3
2666163,21,0,0,17
272508,45,2,2,22
1401190,0,0,5,14
6589978,4,0,4,16
646597,7,13,0,2
197207,100,13,0,8
218906,29,6,1,15
600556,2,1,0,7
887890,6,1,2,0
6832822,5,5,2,1
508230,3,2,2,3
646141,6,0,1,5
51340,14,0,2,7
590484,3,1,0,7
352380,7,2,4,4
453929,10,1,0,8
370306,43,4,0,21
3681793,6,1,0,4
251480,7,0,0,24
2329038,2,0,0,0
651831,7,0,0,7
97966,64,1,0,17
1811719,10,1,0,4
806835,10,1,2,9
1255408,7,1,1,9
274673,21,4,0,10
2733793,0,0,0,7
997705,5,2,0,5
194343,3,0,2,4
591049,11,0,1,2
496600,7,0,0,9
63905,8,0,0,16
55387,25,5,13,75
289743,8,0,1,12
705446,9,0,1,24
6872478,1,0,0,2
173783,6,0,0,2
166163,7,1,22,9
956182,7,2,1,12
709436,5,0,1,5
25776,20,1,3,17
747864,23,1,0,3
554061,10,5,1,6
262468,34,8,1,1
32279,33,3,2,14
341308,9,1,1,1
101618,6,0,2,29
33448,16,2,1,3
384307,7,1,0,4
402508,12,0,0,13
75685,24,6,1,14
1209579,9,0,1,6
120345,9,1,0,3
933336,4,0,6,9
813897,10,0,0,3
736951,20,1,0,56
988510,4,0,1,1
562089,10,2,2,4
235992,18,1,0,13
639677,5,1,0,7
306737,12,0,1,5
718860,4,0,0,5
231055,8,0,1,5
559682,9,0,0,10
553453,18,1,0,28
242185,12,1,2,9
78542,36,2,0,32
441916,3,0,1,7
7026120,15,4,9,5
201262,6,0,2,11
6546653,9,0,0,7
1306285,6,0,4,2
120256,33,8,1,21
819525,10,2,0,6
417263,21,0,1,4
390335,22,2,1,4
289087,11,0,4,5
237486,10,1,1,4
203350,7,1,2,4
65528,18,5,0,5
907739,6,0,0,5
640884,12,2,0,5
178228,4,2,1,9
688841,2,0,1,3
798348,5,0,0,6
481036,26,6,0,16
542658,9,1,10,11
270572,16,1,0,3
604405,25,12,1,0
6488390,4,1,1,4
942365,9,4,1,0
795143,13,3,0,2
459558,36,6,3,16
410141,11,1,0,1
105268,41,8,1,21
276405,16,4,1,3
27394,5,11,3,3
225915,13,2,0,1
225279,6,0,0,5
86549,23,4,0,4
386911,10,1,0,4
13692,75,15,2,10
300155,15,4,0,3
300133,25,3,1,3
383374,48,2,1,14
524850,12,0,1,10
486511,6,1,1,3
451138,6,0,0,3
334901,2,0,1,7
217601,8,0,5,54
90212,6,1,9,23
259411,2,0,7,6
215680,8,1,1,3
1262560,7,2,0,3
574047,7,0,1,21
397245,15,1,2,7
47805,14,0,4,25
290590,7,0,3,50
305809,13,0,0,9
300263,12,10,0,10
249832,8,0,9,6
227177,9,4,0,2
678152,14,0,0,1
1131880,11,0,0,6
507319,6,0,0,2
736912,6,1,0,5
507297,6,0,4,9
356351,26,5,1,12
1315319,6,0,0,2
372732,20,5,0,7
1379233,1,0,3,6
582811,3,0,1,11
754467,3,0,1,7
817576,3,1,0,5
366465,13,0,0,6
665538,6,0,2,6
899869,11,2,0,5
507311,7,0,0,3
233137,9,3,0,4
545386,3,0,1,4
1054897,10,0,0,11
1455856,8,0,1,10
1120050,10,0,0,8
602327,7,0,3,3
826302,5,2,0,7
58441,11,1,0,8
76415,6,0,1,16
341517,54,4,2,17
685758,1,1,4,10
474344,5,1,2,5
1159023,8,1,0,5
1434452,4,0,0,8
43537,42,0,0,39
6773303,9,1,3,43
233075,14,3,0,3
65513,15,1,1,6
133477,27,3,0,19
216003,23,2,1,7
42927,46,2,5,75
153201,25,0,1,9
1338994,11,1,4,3
46670,20,2,4,24
817896,3,0,1,7
1405662,0,0,8,9
733704,2,2,0,7
310275,23,2,0,12
1013921,3,0,2,3
1185903,2,0,1,21
626470,19,0,3,12
495898,8,1,0,11
451910,1,0,1,15
99633,7,3,0,0
409437,2,0,7,33
468385,2,0,3,10
431431,1,0,2,14
602349,6,4,4,17
848885,26,2,1,5
175383,33,9,1,12
773416,25,0,17,6
230035,6,0,15,76
366293,15,0,4,26
122830,3,0,0,15
533366,23,0,3,40
305741,8,1,1,6
585460,3,3,0,2
432234,12,0,1,12
325774,51,1,4,54
1439918,3,0,0,1
38208,25,1,0,12
603524,6,0,3,2
519157,12,1,6,3
97665,16,0,4,17
28139,10,8,0,5
463660,7,1,1,4
820967,1,1,0,2
801659,5,0,0,2
1244066,1,0,5,2
519362,12,0,0,4
519253,4,0,2,6
1584585,11,0,6,7
3168588,23,1,1,11
2802098,29,3,18,29
3315739,31,9,6,4
6558302,3,0,0,7
1399311,48,6,1,7
3316296,8,1,4,2
487435,1,0,1,0
864754,6,0,0,4
1443542,8,1,0,5
3994453,4,0,0,6
1242118,5,0,0,3
309003,19,0,1,9
6890341,2,1,2,3
226899,18,2,9,9
831600,7,3,1,3
1396650,4,0,4,5
526372,10,2,3,7
6471357,3,0,12,10
1529188,1,1,1,5
483318,4,4,1,1
588762,8,2,0,13
5887881,1,1,0,9
1548585,3,1,1,5
2049050,0,1,0,4
643157,3,0,3,4
848117,4,0,0,2
44869,18,2,0,1
437356,7,2,7,2
502304,15,0,1,2
182990,6,0,2,3
561530,7,0,3,3
218689,7,0,4,9
657873,6,0,3,12
622715,10,0,0,3
6566936,3,0,0,6
12652,74,30,12,27
27714,4,1,2,3
870702,4,1,2,1
656628,3,0,1,1
5013361,8,0,0,2
105034,23,1,1,7
922822,19,1,1,14
144469,9,0,1,29
1462609,4,1,1,7
1020621,11,0,0,1
445389,2,0,4,3
748060,5,0,4,6
629458,6,2,2,5
579588,8,1,5,6
1183960,0,0,0,6
191064,6,1,2,14
659527,8,0,0,7
335779,11,0,8,16
886775,7,0,2,10
482500,11,2,0,2
549625,14,1,0,4
1568881,5,0,0,3
810230,14,1,0,20
548838,7,1,0,0
1494329,5,0,1,5
236740,14,1,2,18
431530,6,2,1,2
354668,12,2,2,8
1373750,2,0,1,5
891414,2,0,4,10
852480,3,0,1,5
1041031,1,0,10,7
831987,4,0,2,11
1064295,0,0,2,10
223259,3,1,2,13
299826,1,1,5,10
547036,1,0,0,11
656039,11,0,1,6
365918,4,0,0,5
1259394,3,0,0,4
1397941,16,4,0,5
864461,29,2,1,9
1056644,6,2,1,2
924984,11,1,3,1
394385,7,2,1,2
116782,8,1,1,1
670548,13,2,2,9
697184,19,1,3,9
1219686,7,1,0,2
794263,18,3,1,2
1198508,5,0,0,6
872647,6,0,2,9
714681,17,1,6,9
1258040,5,0,2,2
525131,3,0,0,1
646598,7,0,2,1
458722,9,2,1,4
634771,1,0,0,7
507329,6,0,12,7
539172,7,0,0,0
802705,6,0,1,6
748922,7,3,0,1
867534,7,0,0,3
548223,9,5,0,2
557144,6,2,1,2
78730,25,8,1,4
331256,3,0,1,4
354221,8,0,2,5
147304,8,0,2,5
430061,0,0,1,8
219660,4,0,4,16
854734,1,1,0,1
58437,4,0,2,5
617788,7,2,1,2
1080271,5,1,0,2
171208,18,1,0,3
443635,8,2,0,3
235587,7,3,1,9
1172036,5,0,2,7
510850,10,4,2,36
673494,5,0,7,22
398379,8,0,0,9
659881,8,1,2,4
821572,3,1,2,5
837725,0,0,1,11
213359,7,0,2,64
438889,5,0,4,3
547644,3,0,1,10
928297,3,0,9,4
942207,7,0,1,8
236539,6,0,3,8
204620,10,0,1,9
1115031,8,3,2,10
293107,9,3,2,8
437358,7,1,6,4
1449028,4,0,0,6
122097,6,0,3,8
856487,6,1,9,1
1449204,3,0,3,4
213496,3,1,2,3
1449073,2,0,0,7
1269970,3,0,0,4
1257592,4,167,18,52
166122,8,0,1,4
1393100,1,0,0,0
157834,5,2,2,3
171378,5,3,1,5
64685,5,0,2,7
165746,6,0,1,3
241462,1,0,0,9
122392,3,1,0,7
777952,1,0,0,2
924090,7,0,0,9
1124020,9,0,0,3
620091,3,0,7,11
821312,6,1,0,2
169343,32,1,19,32
701250,0,0,2,6
464151,2,0,0,5
526718,9,2,0,1
402028,5,0,4,11
761172,5,1,0,2
35658,294,109,34,53
991498,2,0,10,7
706235,22,0,1,8
298691,7,2,2,3
820468,9,0,1,7
447583,20,0,7,7
804218,4,2,2,4
1071301,11,0,117,17
953505,207,2,3,78
1163740,12,1,0,4
1441216,10,0,1,6
129202,54,1,2,24
496368,3,0,1,8
949867,3,0,0,3
583483,17,1,3,9
784514,6,1,2,9
710758,12,0,2,3
569631,9,0,1,2
1001641,5,1,4,1
528947,3,0,3,12
323035,1,1,2,9
406971,0,0,2,7
496630,3,0,4,28
728717,0,0,0,4
617721,6,1,3,3
159169,8,0,4,7
254871,6,1,2,7
780027,3,0,1,1
585234,8,0,1,1
507371,4,1,2,3
757522,3,0,2,5
530493,5,1,2,1
507382,14,1,4,14
603860,3,0,1,2
485877,6,1,1,2
510395,6,1,6,6
530656,11,1,5,4
778925,2,1,2,2
629449,6,2,2,2
942686,4,1,3,7
712743,4,1,2,1
561839,5,0,6,5
525956,14,0,0,5
153782,6,0,2,8
197644,8,1,6,5
519184,8,0,1,3
526051,8,0,1,3
561540,11,0,2,4
643149,3,0,3,4
643146,5,0,2,3
525953,7,0,0,5
758649,2,0,1,4
330463,7,0,1,11
874053,7,1,2,2
566691,13,0,0,7
388431,2,0,3,7
453661,11,0,2,4
239137,14,0,2,3
1132400,9,0,3,3
536798,7,5,2,4
1145718,9,1,8,5
11548,2,0,16,40
988588,2,0,0,6
22488,6,0,0,10
560972,6,0,3,0
571029,6,0,4,5
170003,62,2,12,92
977396,4,1,2,6
854452,3,1,28,6
843424,0,0,8,13
504621,3,0,0,12
504639,2,0,1,8
636186,2,0,0,7
397054,4,0,7,11
482947,5,1,1,9
150133,5,1,0,8
519774,7,0,2,5
520622,9,0,1,3
519685,8,0,2,1
584721,6,0,3,1
510510,6,1,6,5
519626,7,0,1,3
519790,6,0,1,8
787737,9,0,0,3
492170,16,2,5,6
21120,5,0,0,8
400112,5,0,0,3
504671,1,0,0,18
982887,2,0,0,1
736342,2,0,0,9
527773,6,0,2,3
158615,4,2,1,11
128966,6,0,5,9
574144,5,0,5,9
836841,0,0,5,8
467027,4,1,3,9
492256,3,0,3,3
445902,5,0,1,6
1024773,4,0,4,14
81130,80,4,1,9
14183,7,0,3,3
861771,4,1,0,11
501973,7,0,0,4
420970,2,0,1,4
384168,3,1,0,6
258998,2,0,3,6
802738,3,0,0,4
140929,3,0,5,3
776927,5,0,1,2
213381,2,0,1,5
384176,1,1,1,3
161681,18,1,1,3
224501,8,1,0,12
739602,8,1,6,18
326222,9,2,0,8
161703,10,1,0,9
529143,6,0,0,11
36607,13,0,0,15
1005427,6,2,0,2
565132,7,1,1,8
37718,11,0,1,38
296466,5,1,2,15
421692,4,1,1,12
519554,3,0,1,7
519531,5,0,0,5
519440,4,0,2,4
510520,9,0,4,8
287725,22,0,1,11
825141,1,0,0,7
844952,5,0,0,6
963858,67,4,4,15
848332,14,0,0,3
1072695,3,0,1,17
1148355,1,0,0,12
928800,5,1,0,8
1109265,1,1,1,12
339821,3,1,10,10
153156,8,1,4,6
164599,17,1,7,19
159589,9,0,6,19
360212,9,1,7,7
784812,1,0,0,13
312907,2,0,1,4
1202720,2,0,1,5
643428,4,0,2,6
504493,11,0,1,9
646603,4,0,1,3
878777,0,0,0,35
213462,3,2,2,9
519336,10,0,1,2
1050764,4,0,1,2
246459,32,3,1,26
178609,6,2,4,30
499405,17,0,2,22
433756,6,0,1,6
181622,9,0,60,24
13586,8,1,1,8
953369,1,2,1,8
286879,13,0,1,4
561535,6,0,3,4
516858,4,0,3,4
603982,7,0,2,2
519489,9,0,1,2
677550,5,0,4,7
955920,6,0,0,7
650733,9,0,0,12
507358,11,0,0,6
223925,6,1,0,10
843182,0,0,10,2
519206,3,1,0,3
22587,14,0,1,16
22586,7,0,0,9
831330,0,0,0,2
122441,8,0,1,14
284207,1,1,1,10
154315,5,0,3,7
635563,4,0,1,8
246526,1,0,1,8
720691,1,0,199,12
839801,45,0,1,52
466866,1,0,3,9
610427,0,0,2,12
164183,8,0,1,18
157707,5,0,2,10
408822,0,0,1,8
731618,7,1,2,3
440425,15,0,6,43
771079,3,0,2,3
199256,1,2,1,6
397422,6,1,3,5
439954,7,0,0,8
242396,26,3,0,24
759971,7,1,1,8
794476,8,0,0,3
786723,1,0,0,8
187510,6,1,3,19
513879,6,0,2,2
695229,7,0,0,6
591699,14,0,0,2
588982,8,0,0,2
293598,7,0,0,1
732683,5,0,1,2
659256,6,2,0,0
334659,4,1,0,9
560207,1,1,1,8
81070,23,2,3,36
420257,2,1,5,24
201198,11,0,1,2
465853,8,0,4,9
782898,1,0,1,1
171312,18,1,2,5
442610,4,0,0,6
120396,14,1,0,19
172837,17,1,1,6
305994,8,0,0,2
206746,10,0,0,5
369909,2,0,7,7
306130,16,1,0,3
604173,10,0,1,3
596573,8,2,0,1
443022,2,1,0,6
787611,18,3,1,5
556780,5,0,1,2
571010,10,0,1,4
524816,20,0,1,9
192460,4,1,0,2
309672,19,0,1,1
298525,16,1,2,3
629722,2,2,1,4
372816,13,0,0,10
483183,9,1,0,4
720930,5,0,2,4
648054,3,0,3,4
416892,9,0,0,1
677316,5,0,3,4
244518,23,0,0,6
510788,3,1,0,12
518988,8,1,0,3
537456,2,0,0,8
390190,13,0,0,5
56427,9,0,7,42
441869,2,0,1,3
11044,5,0,3,4
733127,8,1,0,2
487549,4,1,3,5
496613,6,0,2,9
158060,13,2,3,13
519200,3,0,0,10
246491,6,0,2,6
345265,2,1,0,5
110930,11,0,1,14
547121,4,1,0,5
378297,7,1,0,2
745380,1,1,0,6
656264,3,1,6,11
605807,6,0,3,4
646268,7,0,0,2
235972,19,0,2,22
377877,9,0,2,2
561819,6,0,0,6
744761,2,0,2,4
139335,32,1,3,24
372434,13,1,2,8
104616,9,2,2,10
443395,5,1,1,6
486909,2,0,3,5
611635,3,1,0,12
287114,2,1,3,7
223271,4,0,0,11
384200,5,1,3,10
187954,13,0,4,9
519383,12,0,1,8
295359,2,0,2,7
96859,10,1,13,17
693607,0,0,2,7
721224,4,0,3,13
239486,2,3,1,5
670460,6,0,4,5
207043,13,1,2,24
344426,1,1,3,22
569847,3,1,1,3
689615,13,3,2,13
339949,4,1,3,20
265092,11,1,1,4
427545,7,1,1,4
264778,0,1,1,7
265069,8,2,1,6
425412,5,0,2,23
662918,2,0,2,7
727418,2,0,5,2
218439,3,0,0,9
510532,6,0,2,8
98617,10,0,2,6
259172,6,0,1,5
109031,4,1,0,10
496547,8,1,2,5
584750,9,0,1,8
209734,4,1,1,3
602367,2,0,0,1
611930,4,0,4,8
606466,7,0,1,8
258729,2,1,1,10
609742,1,0,3,11
496572,3,0,2,6
528210,2,0,2,8
184063,3,0,3,6
525947,8,0,0,2
491026,2,0,0,9
78732,7,1,1,6
491877,5,0,0,10
358957,3,0,0,9
119810,3,0,2,8
415307,3,1,1,9
13185,7,1,0,5
120769,42,2,3,12
540768,3,0,1,7
227301,5,2,0,11
54366,27,0,1,31
163425,3,0,4,6
443748,7,0,0,3
37004,3,0,1,10
148225,8,2,0,1
583041,8,0,1,9
591604,5,1,0,4
556519,9,1,0,2
176144,11,0,1,7
570711,14,0,0,3
570269,6,0,0,4
600121,9,0,2,10
183162,5,1,0,10
113386,11,2,4,10
122425,16,0,1,6
315955,24,1,1,7
683063,4,0,3,3
683036,5,1,0,8
269380,17,1,1,9
584536,8,0,2,2
296491,7,0,4,4
53348,10,0,0,7
542229,9,0,0,3
13585,4,0,1,4
545830,4,1,1,15
113388,6,0,3,16
199641,1,2,1,10
290963,4,2,0,18
513204,2,1,0,6
676146,2,1,3,9
24454,24,0,30,15
41340,7,1,4,25
564713,4,0,0,4
490838,6,0,0,11
668570,3,1,1,4
668566,6,1,1,4
668531,6,1,1,4
184440,13,0,3,4
355898,21,1,2,18
359839,4,0,0,7
514116,29,6,4,15
384427,39,10,1,13
537658,3,0,0,11
122523,4,0,1,10
610841,1,0,0,11
604567,3,1,1,8
38648,2,1,2,21
1080608,3,7,0,6
664122,6,0,0,5
554347,4,0,1,2
427358,2,0,0,3
306193,5,0,0,2
90093,11,0,2,18
431177,5,0,0,3
156917,8,3,0,18
483277,30,6,0,3
615038,3,0,0,5
27991,16,2,2,2
521910,3,2,0,3
161434,5,1,1,11
511064,1,0,10,38
334608,7,0,0,12
31503,13,0,3,5
307238,4,0,1,3
510569,5,0,1,6
462684,10,0,12,48
220691,12,1,2,8
208428,2,0,1,6
636135,4,0,0,2
636091,8,0,0,4
32541,15,1,5,27
635949,4,0,1,8
92296,4,1,1,4
416796,4,0,1,5
331146,2,0,2,7
211030,23,1,1,14
232898,42,7,0,2
538341,6,0,3,2
538178,2,1,2,3
536812,3,0,3,6
290331,2,0,1,12
525819,13,0,0,1
496576,3,0,2,5
496488,4,1,2,2
496289,3,0,1,9
442898,5,0,1,5
1279270,10,2,2,2
696016,16,5,2,1
108406,9,1,2,6
633487,12,1,1,2
1375662,12,1,1,6
1389428,9,2,0,2
17828,12,0,1,4
4764443,8,0,0,1
3741469,11,1,6,2
918327,14,1,1,1
570667,30,1,0,7
1349837,9,0,3,4
3936191,7,0,0,4
226950,11,4,2,5
1582188,8,1,0,2
979710,5,0,4,2
745185,9,0,0,3
37195,8,0,0,3
521453,16,10,0,0
106440,5,1,0,13
360089,10,1,8,10
1216267,3,0,5,6
36758,31,3,0,6
57096,8,0,0,9
7358800,0,0,8,3
223996,5,0,0,21
749720,6,2,0,5
994157,8,1,0,9
30797,11,1,3,21
28507,15,0,2,11
28382,12,0,4,21
461242,6,1,3,11
80940,7,0,1,0
7510632,11,0,0,12
6578971,2,0,3,10
599602,2,0,14,12
549322,23,2,0,6
582845,8,1,1,21
1192854,10,0,1,16
1096385,2,0,0,7
104120,2,0,1,12
49035,9,1,0,32
5347383,41,4,0,7
290899,21,0,0,13
37230,6,0,10,12
33502,5,0,2,8
563878,2,0,1,9
24668,12,3,0,10
39035,26,1,2,8
59134,11,0,0,3
119357,43,0,0,14
508340,9,6,0,2
439268,4,0,4,13
220921,13,3,0,4
170654,0,0,2,9
247186,1,2,4,10
6843134,21,6,19,13
6731601,3,0,0,5
4211727,9,0,13,5
1517148,4,0,1,6
1248968,8,0,2,4
542099,12,0,0,4
408400,29,2,2,33
109796,5,0,2,4
1462785,3,0,0,5
1010130,3,1,3,1
7430580,0,0,0,3
5706216,2,0,1,7
562276,10,1,1,5
818582,3,0,3,4
455218,1,0,4,3
439841,14,0,0,10
424351,8,0,1,7
1056472,14,3,2,5
600534,11,0,0,3
905374,4,1,2,3
591156,15,0,1,8
954102,12,1,7,30
1253971,3,0,3,7
1156746,10,2,0,6
1149203,10,2,1,6
1859284,12,1,1,8
1073112,6,1,2,17
1433089,1,0,41,17
5912053,14,1,4,10
1451913,4,0,4,2
843025,68,4,22,81
1463431,5,0,1,3
1019750,7,1,2,7
1930032,2,0,2,5
6536658,3,1,0,3
443190,5,0,0,3
147411,9,1,0,9
6558769,2,0,0,2
1187165,9,0,0,3
746795,18,4,2,16
552149,2,3,0,5
1456082,7,0,1,4
1404017,81,2,0,5
3794759,7,3,0,0
1549022,11,5,2,3
2048490,8,2,0,11
1591728,94,5,16,121
7083917,19,0,0,11
712304,15,2,3,2
78962,12,0,2,2
814317,9,0,2,6
178456,13,0,9,14
970821,4,0,2,1
535025,12,3,2,5
77464,18,0,0,3
160777,0,1,3,15
226885,46,4,3,22
921116,2,1,5,2
1272289,3,0,0,16
1326798,4,0,0,13
867902,11,0,0,6
2487241,2,0,5,4
655508,8,0,1,2
1038518,19,6,4,29
1009800,22,0,0,0
509229,22,2,5,11
4114711,6,2,9,4
917863,7,0,1,0
27344,4,1,0,6
7179656,2,0,3,23
7218910,0,0,0,10
7157246,18,0,0,2
147582,16,1,0,21
1351352,4,0,0,3
1015592,5,0,3,11
7094860,14,0,0,5
224687,21,0,3,33
85144,34,2,1,15
614578,7,0,0,12
33915,14,0,1,15
955754,5,0,1,6
907885,6,1,0,3
847614,9,0,1,6
960616,6,0,0,8
161749,17,0,11,14
177865,5,0,1,18
773598,15,1,1,5
279658,1,0,0,7
205364,14,1,2,5
658765,4,1,0,6
556433,6,1,0,5
483145,10,3,0,1
57553,2,0,1,3
211363,11,12,0,1
455703,2,2,4,12
709240,1,0,2,6
1092445,10,0,0,16
147431,6,0,0,8
37783,10,0,0,12
232441,5,0,0,1
1158883,7,1,0,2
655219,2,0,0,8
1158475,10,4,5,3
997852,4,1,1,2
878927,15,3,2,40
347082,4,0,3,5
755655,29,4,8,20
793577,4,0,0,6
1005988,6,0,1,11
868051,6,0,2,9
347397,11,1,4,13
887447,7,0,2,0
442323,19,6,2,6
940973,3,1,2,3
1187811,5,1,3,5
718201,3,1,3,5
176070,4,2,1,3
349155,10,2,0,7
1043156,1,2,0,4
956572,5,3,1,6
887535,16,1,4,12
306108,10,2,2,5
504442,5,1,5,2
432740,5,1,0,1
916492,2,1,0,3
236188,6,1,0,3
683033,2,3,0,3
711615,4,2,1,1
444072,5,2,1,3
918068,5,1,2,1
712948,5,1,0,1
233123,9,3,1,4
269253,6,1,4,10
71867,8,2,0,5
912553,5,1,1,2
370068,8,1,1,4
52407,3,2,0,8
186610,9,1,1,16
53386,16,1,1,4
785343,5,1,1,9
162167,4,2,1,2
27751,7,2,2,3
226314,4,1,1,2
53380,12,1,1,3
53384,10,1,2,8
144432,32,2,1,17
660974,3,0,3,2
783934,1,0,6,3
553371,8,4,9,16
379989,17,0,6,11
914321,8,0,2,3
600396,6,1,2,3
723386,5,0,5,4
602315,5,0,2,5
345322,6,1,1,7
648465,9,3,6,3
1151263,5,0,0,1
933496,6,0,3,14
1028987,5,0,2,3
251297,12,8,4,2
927995,3,0,1,3
539429,7,0,1,1
934140,3,0,1,7
691781,4,0,1,5
291484,7,1,3,4
205876,7,1,1,5
1056996,13,5,0,8
931625,30,11,15,12
931621,29,9,17,12
649926,13,6,1,3
229161,6,0,0,8
880649,7,1,1,1
695327,9,0,3,12
838703,4,0,0,4
766668,5,0,1,3
150448,16,2,5,27
1020845,5,0,1,2
831454,2,0,1,9
628597,4,0,1,5
715576,3,0,4,15
302182,7,2,2,7
510592,2,0,0,7
824222,2,0,2,6
636599,3,0,7,26
479352,1,0,1,5
924670,4,0,0,2
48784,13,1,2,24
371896,9,0,0,14
223689,8,0,10,36
1516531,9,2,6,5
857057,2,0,0,8
13271,9,0,0,5
5391691,12,1,0,12
309404,16,2,2,12
1526552,37,5,3,31
629576,13,0,0,11
103739,14,0,1,26
1535168,4,1,0,10
434577,28,0,0,7
396395,6,2,2,9
64703,12,1,0,12
394281,7,0,0,14
433824,4,0,0,0
210611,12,0,0,1
377984,13,0,0,2
518302,6,0,1,2
710848,3,0,0,2
559778,4,2,1,4
490576,5,0,1,3
453546,12,1,1,3
686619,3,0,1,4
587221,3,0,0,3
999251,6,4,0,8
55305,39,1,6,27
564031,7,1,4,12
594697,3,1,0,6
724627,9,0,1,4
1092773,1,0,0,7
1054914,4,0,0,3
1104537,3,0,0,8
1289762,2,1,0,6
572039,8,1,5,10
920390,3,2,2,6
305918,20,1,1,2
826066,23,4,4,25
302953,22,0,1,11
538650,8,0,0,4
804189,2,6,0,0
783035,2,0,0,0
453771,9,0,1,1
556236,8,4,0,1
298731,35,2,4,11
495493,4,1,0,8
1364122,3,0,3,6
1526496,6,1,2,11
296383,5,1,3,15
404343,112,8,13,69
516969,8,11,0,5
39757,26,1,1,15
27351,10,4,3,4
561984,22,0,0,10
196007,7,0,0,1
740122,3,0,1,4
1418886,4,1,0,5
1222581,13,1,9,10
697856,4,1,2,3
425305,12,0,4,17
856735,4,1,0,2
447744,7,0,0,3
478216,6,0,3,3
960778,6,0,0,5
1363854,6,0,1,9
1131869,10,1,1,13
1229388,1,0,0,8
304073,9,0,0,6
1600204,24,10,0,0
74407,40,5,3,7
607580,6,1,3,7
43521,13,0,0,6
328058,39,1,4,32
348362,13,0,0,3
33493,38,3,0,8
1068796,1,0,1,10
383687,16,0,1,0
533229,24,2,0,8
214361,4,0,6,2
85230,9,0,0,10
866424,15,1,0,1
460948,3,0,6,19
721962,4,0,0,13
577955,5,2,0,3
728239,2,0,0,0
1147989,2,1,7,13
1491949,2,1,0,6
339026,4,0,1,9
822670,9,1,0,4
484752,25,0,0,22
807618,5,0,1,7
655898,9,0,0,11
52928,25,6,56,55
6401117,7,3,0,0
138888,2,0,0,13
519436,23,1,0,31
1536140,8,1,1,13
731683,19,3,0,10
1328883,5,0,0,0
2218045,5,1,0,9
5339820,14,0,0,4
330327,7,0,2,4
759981,8,1,0,4
917461,4,2,0,4
299874,7,0,0,0
80068,17,0,0,10
129483,11,0,0,1
984932,4,0,13,33
46005,26,1,2,19
1117092,7,0,0,2
950099,8,3,3,7
723045,16,1,1,6
1122994,7,1,0,4
787833,13,1,19,18
605816,14,0,7,35
5049232,8,0,0,7
1174347,13,2,7,26
1349695,2,0,1,6
59281,23,0,10,14
123093,4,0,1,11
122979,8,0,4,31
1070017,4,0,0,4
1054284,6,0,1,14
922535,6,0,2,22
123251,16,0,6,11
275699,7,0,2,33
275292,7,0,4,28
123226,10,0,1,26
122511,7,0,1,25
122795,7,0,0,18
419464,11,0,0,11
117253,9,2,3,12
554802,17,1,6,16
743721,4,0,4,14
249139,23,1,0,7
434343,4,1,4,7
691912,4,1,11,7
258443,4,0,0,5
832578,4,0,1,7
527939,5,0,0,5
154228,7,1,2,7
449466,14,4,1,13
539404,8,3,1,6
355271,24,0,0,13
516984,3,0,0,2
42193,10,3,4,8
167312,36,3,0,1
1248942,2,0,1,0
1238852,8,0,0,0
178826,5,0,0,15
1464236,7,0,0,7
623119,6,0,2,14
1568119,8,0,1,17
1005359,6,1,0,2
556765,7,2,0,14
131220,4,1,4,22
293429,9,0,0,6
383920,16,2,0,3
2315114,8,0,0,9
159578,6,0,9,10
2070188,9,1,0,9
1326964,2,0,2,5
1359552,2,1,2,4
831028,1,1,1,6
345354,13,2,1,5
1446197,6,0,0,3
1391459,4,0,2,4
2047258,3,0,1,8
153806,6,0,0,5
186014,5,1,1,4
346295,2,1,1,4
433159,5,1,7,10
1145856,18,0,5,4
223146,3,0,1,7
1513119,4,0,5,9
1553733,4,1,2,2
55145,15,1,2,5
900075,4,0,2,1
254930,12,0,1,1
1266854,7,0,1,5
561944,5,0,1,1
766421,26,1,0,12
397784,11,0,1,10
1035747,4,0,0,7
1208547,4,0,0,5
1547484,2,0,1,3
1364497,2,0,1,4
1391156,5,1,0,9
692301,2,0,6,3
451597,1,0,2,12
1105699,58,5,0,19
953284,2,0,0,11
1014805,8,0,0,11
414406,3,0,0,9
747870,19,0,0,9
258962,6,0,1,8
1054429,2,0,1,9
84412,17,1,66,56
61478,1,0,5,10
131497,2,0,1,7
1101259,11,0,0,6
123656,11,1,1,5
924071,6,0,0,7
1080563,7,2,1,4
1360264,3,1,2,4
1420727,7,1,1,14
1501890,3,2,2,10
594151,6,2,1,8
766121,7,1,2,11
1179457,4,1,0,5
3600283,2,0,1,7
118553,7,1,4,22
5336480,3,0,1,6
72911,28,62,0,6
497201,6,0,1,3
18069,4,1,1,8
265420,32,0,14,11
505026,6,1,2,7
1507485,7,0,1,16
144688,21,0,0,0
6595455,5,0,0,25
821110,9,0,3,5
1100878,1,0,1,15
479455,6,1,0,4
657342,10,0,0,3
181355,7,0,27,21
7092664,8,0,0,5
119125,9,0,0,11
797400,0,0,3,10
710956,10,1,1,20
4068293,1,0,0,7
624744,18,0,0,4
183104,9,0,0,17
918115,19,0,0,13
949313,6,0,0,8
539357,11,0,1,14
43395,40,1,5,55
37227,6,0,0,4
521068,7,3,1,1
680460,4,0,3,14
725893,7,1,0,3
48898,13,1,0,19
71304,2,0,7,21
92639,16,4,0,0
4341797,1,0,1,14
54579,17,1,0,4
545697,18,1,6,28
37188,11,0,0,17
1148299,2,0,2,22
819580,5,0,0,7
750009,8,0,0,1
1062995,0,0,5,5
1056629,8,0,0,3
332049,5,2,0,1
79952,9,0,1,7
817841,2,0,1,23
629073,13,1,0,4
3116941,2,1,0,7
329392,7,0,1,37
446597,2,0,0,5
287526,18,0,0,0
814140,4,0,5,4
819150,6,1,0,19
678096,6,0,1,3
18122,4,1,5,14
225588,33,0,0,4
949237,6,0,4,13
1245190,0,0,2,5
907615,5,0,0,6
922036,3,1,0,10
64198,7,0,0,3
1237316,7,0,0,1
1198078,1,0,1,7
863645,2,1,0,10
107065,14,0,0,7
171887,17,1,0,9
285405,12,1,1,18
192903,3,4,0,5
603066,5,0,0,8
39030,11,1,2,5
893430,3,0,0,5
77024,5,1,0,17
100844,7,1,7,26
118739,16,2,11,17
524676,8,1,0,13
375827,4,0,2,3
450990,2,0,7,8
393988,5,0,2,6
1455007,2,0,4,6
202790,4,0,0,6
5851155,1,1,0,7
192213,13,0,2,8
238287,5,0,0,12
299760,7,1,0,1
749147,4,0,1,9
1135388,1,0,2,2
365686,10,1,0,18
827435,5,0,2,7
1544015,3,0,4,3
44323,9,0,0,3
941777,4,0,0,4
61629,18,6,1,5
44139,4,1,2,9
1594488,5,0,0,5
1015176,9,0,4,11
1583872,3,0,0,5
2112284,2,0,1,3
2250926,2,0,1,8
693749,20,1,0,11
664115,13,0,1,4
469338,43,0,0,3
793698,12,0,4,6
677207,3,0,0,6
5550065,2,0,1,13
6357291,16,1,3,4
2514059,9,1,1,3
5773304,11,0,0,3
1418334,11,0,0,12
529285,3,0,6,8
293772,33,1,0,12
820248,7,2,0,8
1007105,5,0,0,1
1326951,0,0,3,12
1564431,10,1,0,4
819613,0,0,1,9
437908,2,0,0,10
590756,5,0,1,9
200510,5,1,8,28
179710,5,1,3,8
3358795,6,0,0,6
4448867,22,0,1,4
4059853,4,0,2,9
607933,6,1,0,3
900164,9,0,0,2
1462610,3,0,0,11
36802,2,0,1,20
1065373,4,1,0,2
1455988,5,0,0,15
4814386,2,0,3,3
1361106,6,0,1,6
779328,8,1,3,3
6648107,3,0,2,16
5763870,4,1,1,6
442106,16,0,1,4
1593814,2,1,1,15
6137489,13,15,4,5
355912,20,8,0,2
6962774,3,0,0,4
1244692,10,1,5,20
960039,10,0,11,14
37135,14,0,0,13
986413,2,0,0,8
6571591,5,1,2,6
72589,3,6,0,0
179252,2,0,0,8
730181,17,7,1,0
2753659,1,0,5,3
414883,3,0,19,31
110016,16,2,0,7
336818,20,0,0,13
37740,7,0,2,9
484268,4,0,7,8
918480,5,5,0,4
447115,7,0,0,2
475461,5,0,0,4
37734,29,0,60,87
119629,6,0,0,19
1097149,6,0,0,4
1010005,21,0,2,13
834642,14,15,1,0
171244,29,0,0,6
287086,13,1,0,0
1001053,6,0,0,2
711844,7,0,1,2
174793,15,0,0,56
52359,5,5,0,0
945983,6,0,1,19
75346,2,0,0,6
666027,7,0,12,14
34618,14,3,0,7
561873,4,1,1,5
980474,5,0,4,6
1491758,13,0,0,21
75121,27,2,25,15
962115,11,1,0,2
1145804,30,3,6,33
1439384,7,1,2,16
387441,2,0,2,10
295774,2,0,0,9
1068237,4,2,0,6
1459420,4,1,0,0
485962,1,1,5,6
1336619,4,0,0,5
1445173,0,0,0,5
51846,16,0,1,14
854199,12,0,0,1
339548,2,0,1,5
638848,1,0,17,8
87874,2,0,0,5
59750,8,2,6,4
7413632,12,0,0,7
7413618,19,0,0,11
7413589,11,0,0,6
7346459,21,0,12,19
166130,5,1,0,4
320430,6,1,0,6
7210574,5,0,0,33
33476,9,0,7,23
5885114,8,1,1,7
656557,5,0,0,4
119763,29,0,6,37
206011,14,0,2,22
249775,11,2,1,9
722539,3,0,1,3
1942440,4,0,3,6
114320,3,0,0,8
336366,1,0,1,5
1092134,4,0,0,7
501579,3,0,0,6
6820907,8,1,0,0
1029613,15,0,0,6
592166,27,5,0,7
6884212,24,3,5,6
6734778,3,0,1,21
589499,7,0,1,14
6643369,6,2,0,2
916331,5,0,0,5
1000254,5,0,0,5
347602,8,0,7,9
377364,10,0,0,15
809267,8,0,0,13
226030,19,0,2,27
652827,10,2,1,1
841645,8,8,0,6
580199,10,2,1,1
530736,7,1,0,7
711841,9,0,0,4
1312141,2,0,5,3
857251,13,2,0,12
384470,15,4,2,16
44590,10,2,0,3
1064102,22,0,0,11
1704746,0,2,1,2
464183,12,0,0,7
857744,17,0,0,5
6250062,8,5,0,0
524399,1,0,3,7
1428686,4,2,2,2
1429898,3,0,0,5
6496903,2,0,3,5
6144259,0,0,0,1
153402,28,3,0,12
543945,33,2,0,11
233307,14,11,0,0
497297,13,0,0,1
74933,12,0,2,4
410701,10,3,3,7
75000,2,1,5,17
441535,14,1,1,1
1578145,2,0,6,6
677094,11,0,1,4
191369,39,1,0,3
354785,15,0,1,4
414803,1,0,1,8
472621,8,0,0,17
348164,3,0,1,6
512894,1,0,3,3
606608,1,1,0,18
79269,17,2,5,10
304765,38,0,1,17
520598,15,0,0,4
30984,24,6,0,7
118681,3,0,1,8
388492,2,0,3,3
232814,4,7,2,8
773983,13,0,1,6
840431,5,0,0,0
1015081,1,0,0,3
1536896,13,0,0,11
224562,2,6,0,2
51511,7,0,0,10
6525238,11,1,0,3
6970392,2,0,6,12
409024,3,1,4,16
316792,17,1,0,1
161728,5,0,1,9
814763,8,4,1,1
17464,6,0,9,8
27208,6,0,0,3
27865,7,0,0,6
27828,25,0,1,19
27510,7,0,2,4
27444,17,11,3,12
1411206,2,1,28,67
1186287,5,0,0,7
1431080,3,0,1,22
1024528,3,0,4,19
1603254,0,0,3,13
1718632,7,0,0,3
1568209,1,0,0,7
1484296,3,0,0,9
6088464,8,0,0,7
90867,9,12,0,0
928783,4,2,0,4
398228,5,0,0,4
299872,22,1,1,5
1592752,2,1,0,6
807836,3,0,5,9
1439848,0,0,4,3
55748,34,1,0,22
591255,6,3,0,1
1174927,2,0,1,23
553406,10,0,3,13
6438561,12,0,1,11
48092,20,1,1,12
881121,11,0,0,6
338742,4,0,1,11
733385,7,4,0,1
229369,6,0,2,3
1210045,11,1,0,2
194939,0,0,13,26
748438,42,0,4,5
1237241,12,0,6,26
622854,3,0,4,13
470927,1,0,25,29
312478,1,0,1,17
312681,4,1,4,10
1490647,10,0,0,0
1048913,0,0,1,4
24808,8,0,9,14
492487,8,1,4,10
4511718,6,0,0,8
1575861,10,0,0,2
314481,17,0,0,22
393706,2,0,3,11
79944,16,3,1,6
1247203,27,0,0,2
815202,8,6,2,31
811628,4,1,1,3
612323,12,0,0,2
76483,6,1,0,2
787871,7,0,0,3
399748,9,0,1,3
799006,4,0,0,4
542536,5,0,0,6
512418,9,0,0,1
475385,6,0,1,3
923849,5,0,0,5
596281,8,0,0,1
706540,16,1,0,5
441764,5,0,0,9
399776,7,0,0,2
41090,17,3,1,3
129843,11,4,0,7
174832,11,12,0,3
43612,24,0,0,1
9938,16,0,2,12
53349,8,0,0,3
67384,29,17,0,9
365817,5,1,1,11
1295572,1,0,3,18
1355043,2,0,2,11
6571506,4,2,1,3
121652,4,1,1,10
955898,6,1,0,3
6623254,16,4,4,19
128958,7,2,2,10
92462,20,2,0,8
590403,10,0,3,15
7193591,13,6,27,13
3427330,12,1,1,2
625220,75,10,1,0
276252,19,4,1,4
44023,9,0,3,12
27356,8,0,0,4
266240,4,0,0,7
238220,7,1,0,4
337574,4,0,8,7
561449,5,1,0,2
657231,9,0,1,2
1600096,2,0,0,6
253620,6,0,1,9
230564,9,0,1,6
39315,9,0,4,19
1104124,12,1,1,6
497792,9,2,0,4
78727,6,1,1,9
173892,42,8,2,14
475278,8,0,1,6
345765,3,3,2,6
178246,5,0,0,7
507911,4,1,1,1
909336,0,0,0,7
729456,6,1,1,6
301377,4,0,3,3
144725,21,2,1,7
496011,4,2,1,6
84737,5,1,0,6
388933,9,1,2,4
360100,6,2,4,5
421620,45,2,1,14
337479,3,3,1,3
3930798,7,4,0,1
13981,16,2,0,7
324596,2,0,3,15
723787,2,0,0,6
547660,8,0,1,7
2227604,2,0,0,9
1207491,9,0,2,9
6690864,0,0,0,11
6690999,1,0,1,14
6653352,1,0,0,10
1355299,1,1,1,3
1375761,4,0,5,3
948541,6,1,2,5
1208543,5,3,2,6
732173,5,2,2,5
1336961,3,0,2,11
254062,3,0,2,14
1247057,3,0,2,10
13141,4,0,3,4
877388,4,1,4,5
414776,1,2,1,7
169397,7,1,3,37
394915,5,1,0,8
43653,16,4,0,8
342047,10,0,0,8
523698,2,0,3,6
1380495,8,0,0,9
1510761,2,0,0,5
103907,11,0,2,10
506982,16,0,0,4
414314,2,1,0,16
581252,9,3,12,14
305123,27,11,0,0
1446447,11,2,3,8
689048,9,2,0,0
1441754,9,3,4,4
561154,10,1,0,12
6719485,11,0,0,11
556321,11,0,0,3
1430070,13,0,5,4
37208,4,0,0,4
43147,10,3,0,4
1117493,5,1,7,2
6348869,2,0,1,2
1200718,2,0,1,4
50640,15,0,1,8
1504465,2,2,3,3
6919513,18,5,0,1
590853,7,0,0,4
7143733,0,0,4,6
1204143,2,0,1,27
409114,6,2,0,2
6913404,8,0,1,3
73536,10,0,0,20
426363,3,0,0,10
1279170,25,0,0,12
234634,3,0,0,1
281485,9,0,1,3
1135120,1,1,3,8
305102,6,3,0,0
202975,15,1,0,11
1268195,3,0,1,4
848738,17,0,0,0
285465,31,0,0,4
6784230,10,1,0,0
957619,15,0,2,7
601889,4,4,0,1
399294,10,0,0,1
559911,15,0,0,28
33465,22,0,1,11
346355,5,0,7,8
785250,1,0,0,5
730377,4,0,0,3
281809,13,0,0,13
1542144,1,0,1,16
600145,17,0,6,13
6366959,38,2,0,8
38646,5,0,18,26
865413,7,1,0,12
1180365,2,0,2,19
641773,8,0,6,4
7191739,1,0,11,3
602008,7,0,0,5
387548,13,0,0,9
1419813,6,0,0,4
736719,1,1,0,10
6999062,0,0,0,3
1309975,2,0,0,2
606335,3,0,1,11
1506699,1,0,4,7
59908,40,2,0,36
2659431,1,0,3,6
1549135,9,2,0,0
120731,12,0,3,12
75382,10,1,0,19
1040979,52,2,0,11
702474,3,0,1,6
98130,19,0,0,21
315035,33,1,0,11
1139411,4,0,0,7
55474,10,0,3,9
925257,60,3,0,3
821372,4,2,0,13
495484,14,4,0,5
206699,5,0,1,2
701942,1,0,0,5
1110767,11,2,0,3
1412540,1,0,0,8
46966,39,7,0,27
801730,4,0,0,6
940233,6,0,0,4
53767,35,7,1,1
466973,2,0,4,13
427622,12,0,0,4
174163,6,0,0,5
223994,6,0,1,1
513460,13,0,0,7
329368,2,0,2,17
58429,48,3,0,3
39022,18,0,0,2
33466,27,2,22,32
209266,9,0,0,10
314784,3,0,5,5
39971,21,3,2,6
300082,15,0,2,0
3313494,6,1,0,1
920952,2,0,1,4
249571,16,3,1,4
43999,4,0,7,15
1592828,1,0,0,18
490236,4,0,2,4
440376,11,0,0,3
730124,7,0,0,11
591199,5,2,8,1
555444,17,3,0,7
106793,7,0,0,10
33482,4,0,2,16
35800,10,5,1,6
709723,15,0,1,30
6528651,2,0,0,10
437655,8,0,1,6
98166,12,1,0,13
309810,24,2,0,9
705606,9,0,0,2
221259,11,1,0,4
584330,4,0,0,3
6012012,5,0,1,7
126411,25,3,0,15
35633,2,0,5,9
934340,2,1,4,3
6425072,4,0,2,10
962477,5,0,1,4
787828,6,1,0,0
78955,7,0,2,7
1382566,8,0,0,0
75305,10,1,3,19
6589984,4,0,1,5
166005,12,0,0,5
231742,4,4,0,1
65467,18,0,0,14
82699,5,1,0,4
1101350,9,0,0,2
57084,4,0,0,5
37234,2,0,16,23
696770,10,0,0,1
23779,22,5,1,3
99527,41,6,0,6
433161,14,1,0,3
34330,19,1,0,8
627662,2,0,1,5
33499,9,0,0,14
848430,10,2,0,10
5718022,11,0,3,7
445556,12,0,1,8
711706,7,0,0,9
37236,8,0,0,2
34326,9,2,7,2
116262,4,0,2,2
709597,11,3,0,16
109659,10,0,0,1
862602,3,0,0,4
194882,21,0,9,9
396347,4,0,1,4
657752,2,0,1,4
139332,7,0,1,1
616501,15,1,0,1
925032,9,0,0,4
41723,8,0,1,5
404974,6,0,0,3
639790,3,0,0,10
186683,41,6,1,21
49071,8,0,0,15
579161,5,1,0,6
420422,6,0,0,4
75318,3,0,1,10
109026,4,1,0,4
37224,6,0,0,8
80075,1,2,0,6
80058,5,1,1,4
80040,12,2,1,6
79953,8,0,1,3
78945,48,0,0,30
78721,5,0,2,23
76504,9,0,0,2
76481,7,0,0,2
76414,8,0,0,2
76407,3,0,0,9
75208,3,0,2,9
51529,7,0,3,15
65509,9,0,0,3
65472,7,1,1,1
64512,7,0,0,5
63901,5,0,2,4
63900,5,1,1,3
59887,8,0,1,4
57074,7,0,1,3
58448,12,1,0,2
57563,8,3,2,4
57072,10,3,0,1
44596,3,1,0,4
38608,17,1,0,5
36985,14,0,1,6
35140,8,1,1,8
34328,4,0,2,8
33497,6,0,1,3
34311,25,0,25,49
34305,30,2,62,17
34303,5,0,2,7
33477,2,0,0,17
233059,6,2,0,3
236475,8,0,0,3
55640,34,1,1,45
202456,5,0,2,9
82343,2,0,1,6
224891,7,1,1,3
245726,7,1,2,6
161719,8,0,1,8
1218549,0,0,7,4
1005229,5,0,5,7
400071,5,2,1,0
657889,4,0,0,3
438563,6,0,0,5
325783,8,1,0,3
401645,12,0,3,9
102832,14,8,0,6
404465,12,0,0,1
405420,8,1,0,2
285569,18,0,13,27
402002,10,1,1,7
370400,0,2,1,6
305677,4,1,0,3
300038,11,0,1,1
597903,4,1,2,7
739320,16,1,0,0
633334,6,4,0,3
129893,11,1,0,12
297498,4,0,0,3
7031071,13,1,0,3
929032,6,0,0,11
2878360,1,0,10,9
1631980,8,0,0,6
571108,17,1,0,4
689089,3,0,0,9
267644,7,0,0,1
689096,3,0,0,9
1036023,12,2,0,1
1043190,5,9,0,3
686932,4,1,2,13
1145128,8,0,0,0
178517,1,0,3,7
1216913,10,2,0,3
1077460,3,1,0,7
328733,10,0,84,136
1370453,56,7,83,78
83858,6,9,6,19
608327,9,7,0,0
399398,7,1,1,4
178300,9,0,0,12
372079,8,0,0,3
864354,1,0,0,7
399265,18,0,0,1
469207,6,0,0,1
380394,4,0,6,11
602720,4,0,0,3
798852,10,2,0,8
592009,5,0,0,5
877359,6,0,1,6
1469606,10,0,0,8
1457706,2,0,2,1
627226,5,0,0,4
1286656,4,0,0,6
590586,9,0,5,6
99030,4,0,0,3
1471191,5,0,6,4
1594600,5,0,0,4
813335,3,0,2,4
616289,5,0,0,5
421930,9,0,1,2
1440268,1,0,0,8
249086,10,0,1,13
369376,4,0,0,4
826255,7,0,0,14
121079,9,24,0,1
818613,4,0,0,4
517201,5,1,0,5
661323,4,1,0,3
1121329,6,1,0,3
1315449,9,0,0,2
1261880,7,0,0,1
703328,3,0,2,5
45161,6,0,3,8
838264,5,0,0,5
492189,11,0,0,12
238250,14,1,0,1
13829,5,0,0,18
447074,9,1,0,7
711025,6,0,4,5
1325684,4,0,6,7
759965,6,0,6,12
1369066,7,0,0,7
1479366,8,0,1,7
513828,4,3,0,3
622849,4,1,0,7
403967,15,1,0,8
448278,3,1,1,9
819333,2,1,3,4
1420750,4,1,0,2
824772,0,1,1,8
1074199,3,3,0,3
589458,2,1,0,6
696924,3,1,0,5
1472293,5,0,1,4
325649,17,1,0,4
1167570,7,0,0,2
1361133,7,0,1,0
407173,6,0,0,4
157323,5,0,0,5
313029,3,0,0,5
447136,9,0,0,7
543312,6,2,2,4
348428,4,0,0,4
417300,11,1,1,2
947001,4,0,0,4
766688,8,0,0,5
918013,9,0,0,1
519205,5,0,5,6
219174,14,1,1,21
589323,5,0,1,6
761231,3,4,0,2
225867,12,1,0,2
867984,3,0,0,5
1313679,7,1,0,13
1121938,5,1,1,6
851486,6,3,2,3
539085,8,1,1,2
306000,6,0,0,3
160737,6,0,0,7
1060579,8,0,0,4
203665,4,4,0,9
443812,5,0,0,0
807285,4,0,0,0
313033,20,0,0,4
809155,6,0,0,3
825342,6,0,0,3
518224,4,0,1,6
90466,5,1,4,8
878697,11,0,2,6
1025405,3,0,0,4
229201,9,0,2,11
196394,12,0,3,22
954879,9,0,1,7
715528,8,0,3,20
335742,23,0,0,37
827628,7,0,1,15
590382,5,0,0,3
590626,6,0,0,3
795311,7,0,0,3
1187205,9,0,0,1
10602,9,0,3,6
1486995,3,2,2,3
1315526,6,0,0,4
590474,6,0,0,4
405125,2,0,0,3
165353,7,0,1,2
344958,1,0,0,15
209502,3,0,1,6
1022681,4,0,1,7
1083715,2,0,1,3
208470,3,0,3,5
1346999,3,0,1,6
899837,8,0,1,6
13535,9,1,1,3
160582,9,0,1,12
1060878,5,0,2,7
936267,13,0,2,5
142411,6,0,3,4
54920,13,0,17,5
1076653,4,0,2,2
404850,13,0,0,3
1219069,3,0,0,11
101236,0,0,2,9
736083,5,0,6,7
1140794,3,0,0,6
1255531,3,1,0,7
407419,2,0,0,4
431208,4,0,3,7
1137113,9,0,0,3
10605,12,0,1,13
914492,9,0,2,4
732391,1,0,5,16
1101559,6,0,1,0
547688,6,0,1,4
329866,5,0,1,13
724529,6,0,1,5
566290,4,0,1,3
458298,6,0,0,2
904249,5,0,0,3
220640,8,0,3,3
775674,1,0,11,18
291697,7,0,16,55
1359399,3,0,0,1
787712,5,0,0,6
737362,5,0,0,3
787493,6,1,0,5
157758,13,1,0,1
1392426,7,1,0,5
1421301,9,1,0,2
560011,15,1,0,19
1042173,5,0,1,7
1392187,5,0,0,6
733115,3,2,0,9
538751,0,0,1,8
789973,7,0,9,2
1795875,10,0,0,6
3562327,3,1,1,7
735900,6,0,2,5
676941,4,0,0,6
916635,33,3,4,27
1833870,3,1,1,8
632040,3,0,5,26
1795374,9,0,0,7
96838,10,1,0,3
697494,10,3,2,3
724978,4,0,0,15
58321,42,3,0,2
1834212,5,0,2,18
1036048,7,2,0,2
659692,6,2,0,1
1388621,3,0,0,8
1175158,7,3,3,13
916987,4,0,1,6
533292,3,0,2,8
173678,11,0,0,13
1162494,3,0,0,6
7272463,2,0,1,6
421683,15,1,0,6
770904,6,0,3,11
763730,6,3,2,4
4037526,2,0,1,3
1092265,2,0,1,5
410119,5,0,5,11
431973,4,0,1,12
512593,8,1,0,0
6805986,1,0,0,1
965629,10,1,0,4
259672,8,0,0,7
843339,3,0,3,3
568477,5,1,0,8
408806,3,0,3,16
501696,5,0,4,5
728020,8,3,11,7
871893,3,0,1,15
1186309,3,0,0,6
202557,8,9,2,2
821001,4,0,2,3
630736,3,0,12,31
1388904,3,0,2,2
5311654,3,0,0,2
1794914,9,0,0,5
376603,2,0,5,30
866529,14,0,0,6
884125,5,2,24,8
924386,6,1,2,1
731585,7,0,6,8
495846,6,0,0,5
6771560,0,0,4,12
222950,6,0,1,7
1420468,5,1,0,4
1171512,2,0,0,4
1421102,10,0,0,1
1217096,10,0,0,5
245897,4,0,4,3
245963,10,0,7,9
1419954,8,0,0,3
247061,10,1,1,2
1215068,16,1,0,7
290690,3,0,0,0
902062,8,1,3,4
1501568,2,0,1,3
4005174,2,0,0,8
6617436,3,1,0,4
762873,2,0,2,5
6629333,3,0,1,3
1306964,4,0,0,5
312576,6,0,0,8
507934,15,0,0,3
6138569,1,0,0,5
1256592,11,1,0,1
824967,1,0,0,2
748831,4,0,0,5
676914,0,0,2,3
292095,14,1,1,7
6448244,7,0,0,3
1478421,5,0,2,0
6429739,9,1,0,0
154361,7,0,0,10
1019031,3,0,5,8
677648,6,0,4,3
6370463,2,0,0,7
715589,2,0,5,13
711237,6,0,0,6
1000343,7,0,0,16
1017916,3,0,2,4
513020,13,2,2,4
1535311,0,0,0,11
1369652,6,0,1,8
1452171,8,0,0,4
1796179,8,0,0,2
1116868,6,0,0,4
462020,2,0,1,5
732418,13,0,2,8
7210983,3,0,1,4
811981,4,0,0,2
315896,16,0,0,1
656504,12,0,1,12
1307436,7,0,1,4
433787,3,0,0,5
64505,12,0,0,5
214790,6,0,0,4
329726,2,0,2,8
323422,1,0,5,5
655323,3,0,1,4
1501097,1,1,2,3
547229,22,5,3,16
847727,9,3,1,2
501047,4,0,1,8
1580591,4,1,2,5
248780,9,0,0,12
248695,5,0,1,11
64577,10,0,0,2
1421260,10,0,0,2
1121557,10,0,0,9
518461,5,0,0,8
999168,9,0,1,8
161694,9,1,0,4
5700804,3,0,1,8
6767532,18,1,0,1
46396,0,1,5,26
552871,1,0,1,28
150086,0,0,1,65
1006314,1,1,0,20
394336,19,0,5,29
316053,11,0,0,3
520231,8,1,0,2
239573,21,0,0,4
303391,5,1,1,5
262701,26,7,0,11
582574,18,0,0,10
627838,2,0,27,26
930705,9,0,0,1
104670,9,0,0,9
655994,13,0,0,1
1269519,5,0,0,5
83166,14,0,0,2
1446222,9,0,0,4
185750,12,1,1,17
161739,13,0,0,5
2268944,0,0,2,10
1464506,20,0,0,3
239850,8,1,0,5
35743,7,1,0,10
7185426,11,1,0,0
521857,27,0,0,4
1563760,13,0,1,1
562199,5,0,0,4
6773761,12,0,0,1
659063,4,0,0,5
1075200,48,12,15,24
1268469,4,0,0,5
1122157,5,0,0,5
547811,6,0,0,18
513156,10,2,1,3
986564,10,0,0,5
729518,5,1,10,2
1479669,0,0,2,2
4768767,9,2,2,13
864305,11,1,1,8
3447895,3,0,2,9
284709,5,0,0,3
434720,16,0,0,6
4181257,2,0,0,0
847350,6,0,0,0
88596,15,0,0,13
1123750,8,0,0,1
1393713,6,0,0,4
1580644,1,1,3,6
378968,6,2,0,4
378936,4,2,0,3
1323660,6,0,0,4
335727,41,0,97,46
685324,3,0,5,50
53859,5,0,122,69
53733,4,0,7,26
51438,11,0,1,14
59577,2,0,0,2
146481,10,0,0,1
1198330,6,0,0,4
1537600,16,0,0,10
1041922,32,5,0,11
1218999,5,0,3,2
718991,6,0,0,1
300717,5,2,0,3
510740,8,0,0,5
960841,5,0,0,6
626398,4,1,2,5
524376,11,1,0,17
108591,16,0,0,12
691388,2,6,2,4
559665,5,0,0,6
1421238,9,0,0,2
1254341,7,1,0,5
1420830,8,0,0,1
257012,1,0,34,7
824256,2,0,1,11
1434435,6,0,1,7
563919,3,1,3,6
940150,3,1,0,9
1121592,4,0,0,7
559457,1,0,0,31
635524,2,0,0,7
1187749,10,0,1,9
634725,2,0,2,4
634578,2,0,6,2
439823,2,0,2,8
243444,15,0,1,1
1071322,4,1,3,3
1230603,3,0,0,5
834417,7,1,0,1
712778,11,1,2,5
538719,3,0,0,7
521690,4,0,0,1
1352427,1,0,1,2
512434,11,2,2,0
1088660,6,0,1,5
1065450,13,0,18,1
635066,3,0,1,7
858234,4,0,0,1
537843,9,1,1,3
1047222,5,1,1,3
851887,7,0,0,9
475723,6,0,0,2
753112,4,0,1,7
794321,10,6,0,2
1291537,2,0,1,6
1262401,7,0,0,5
305946,8,1,0,2
154297,4,0,0,6
1098644,3,0,7,9
992076,9,1,1,2
449123,22,0,2,12
1191618,1,0,0,6
171694,6,0,1,5
171562,7,0,0,4
634948,3,0,0,3
635446,4,1,0,5
1436094,7,4,1,0
369397,6,0,1,7
266174,4,0,3,6
743194,3,0,5,1
293935,6,0,1,2
1403856,5,0,1,3
306745,6,0,3,6
867083,5,0,0,12
226167,16,0,0,9
635328,4,0,0,6
780007,2,0,1,6
513564,10,0,1,15
427901,21,0,0,10
314713,6,2,4,5
47859,19,4,28,58
840682,16,5,0,7
1461314,3,0,1,4
840846,11,0,0,4
316107,9,1,0,0
82919,39,1,3,20
446704,5,0,1,2
2275601,10,0,1,2
563782,2,0,3,7
323152,3,1,7,13
340328,0,0,0,12
985089,6,0,25,9
98803,23,1,47,11
812966,7,2,2,3
647612,6,2,4,0
80315,3,0,1,33
38235,35,2,1,2
762503,6,1,1,8
1430711,1,0,21,6
431203,3,0,1,5
156271,9,1,1,10
505351,2,1,0,5
2058068,14,0,0,3
1009730,3,1,0,4
7108032,2,2,1,7
1187018,3,0,4,2
813633,11,0,0,8
6359072,5,0,0,14
976239,9,0,3,6
770686,3,0,0,6
1566262,3,0,5,6
3201444,5,0,0,0
53187,30,1,3,32
1543543,4,2,0,6
2754719,2,0,2,6
731884,13,2,0,6
74331,10,2,0,2
886726,1,0,0,9
725068,7,0,0,2
6894993,4,0,2,16
6372165,3,0,2,6
710011,6,0,0,12
2110589,4,2,0,4
1355267,7,1,45,27
948519,5,0,0,6
1246113,2,0,3,5
521763,20,12,1,10
1130376,0,0,0,3
51011,11,0,9,14
222489,15,0,2,14
79100,5,0,0,6
378289,18,6,4,18
85386,8,0,0,7
1205279,3,1,1,7
243650,18,3,0,3
58873,5,3,2,5
167066,17,11,0,2
148592,20,13,0,3
573895,2,0,1,7
994294,12,1,1,1
1403771,11,1,1,14
179860,24,1,0,4
733262,40,5,1,2
717209,6,0,2,5
740973,16,2,1,1
86518,10,4,1,2
908921,4,0,0,2
908447,8,1,0,0
601930,2,0,0,7
4435197,10,0,2,7
887339,5,0,1,3
126026,33,4,0,4
104451,9,0,0,10
125993,5,0,0,4
1577772,3,0,0,6
1577776,3,0,0,16
154559,5,0,1,5
6396868,4,0,2,2
1497042,6,0,0,3
3046333,56,7,5,40
1213809,10,2,2,11
5348193,11,2,1,2
4645078,9,2,0,5
1553136,7,0,1,6
1370770,18,2,3,14
383651,5,0,0,6
1017375,2,0,4,4
1473000,4,2,0,4
5246793,8,0,0,5
4545209,1,0,0,12
4114150,6,2,0,5
336176,7,0,3,8
6614723,3,0,0,5
490572,4,0,0,12
6362089,3,0,2,5
513820,1,0,2,6
1269289,4,0,0,3
780608,11,3,0,3
6550561,7,2,0,0
321268,9,1,1,0
1114120,0,1,0,9
431459,2,1,1,14
1546708,2,2,0,4
915307,6,1,1,8
119198,3,2,1,8
1255331,10,2,1,11
161751,12,1,1,9
1267173,8,1,0,5
6535500,3,0,0,2
450718,9,0,2,3
857240,5,1,0,5
95990,4,1,2,6
235611,12,1,0,11
416309,8,1,0,3
513048,7,1,0,5
899677,6,1,0,3
428294,7,0,0,2
1055429,4,0,0,12
238884,4,0,0,9
156745,6,1,7,9
807263,7,0,1,7
4638634,1,0,1,11
4638580,4,0,4,16
6464751,10,0,0,11
1426943,14,0,0,3
71793,9,1,5,11
161743,8,1,0,5
1300788,6,0,0,4
568507,13,1,4,16
168459,1,1,1,4
2837654,11,1,0,0
1501414,2,0,2,9
982361,4,0,0,2
6426560,5,2,0,4
771006,4,1,3,11
429747,8,1,1,2
693524,4,0,1,7
593166,9,0,1,7
7366641,3,0,3,2
7210170,2,0,5,12
1719442,5,1,2,3
806929,6,0,1,7
492054,4,1,0,7
139832,25,1,2,18
167054,7,1,0,9
890826,0,0,2,39
173971,3,0,1,4
928712,1,0,0,9
1449327,1,0,0,6
1295375,0,0,26,5
627755,4,0,1,6
760564,8,1,0,1
494525,6,1,4,8
4063517,5,0,1,2
606722,6,1,1,5
6982165,1,0,12,13
1247294,7,0,0,5
4068421,3,0,0,9
497712,8,0,0,4
378044,8,1,0,0
880380,3,3,2,10
326644,7,0,1,20
837407,19,0,121,145
353893,9,0,0,6
538708,4,0,5,1
524581,2,1,3,2
1400960,2,0,6,27
165125,3,1,0,9
172119,9,5,0,4
1252953,3,0,0,0
993742,7,0,0,2
1187933,25,1,0,1
1256710,1,0,0,4
6346858,2,0,7,1
1114164,1,0,0,5
5139607,10,0,5,12
896142,1,0,2,2
1009540,12,0,0,0
4070581,1,0,0,2
165108,3,1,0,4
446478,5,3,0,4
5546057,9,0,0,5
1469872,1,0,0,1
1158758,11,2,0,5
1137214,7,0,0,8
587624,6,0,0,10
1300299,2,0,3,8
554100,10,0,0,1
740252,4,1,3,9
1310704,3,0,0,2
562316,12,0,2,1
7109157,0,0,3,10
171200,3,0,0,4
921055,3,0,4,5
1545901,1,0,13,20
75015,6,0,0,4
328624,6,1,1,2
218849,3,0,1,10
303705,12,3,2,6
142739,7,0,0,3
158509,13,4,1,6
135720,8,0,3,5
326901,6,0,0,4
326899,4,0,0,2
42640,3,0,1,8
837909,4,0,1,4
738134,7,0,0,1
7216279,3,0,1,1
309889,4,0,0,3
456791,8,0,0,9
370205,1,0,3,5
956407,22,0,1,2
866967,10,1,0,3
1578265,5,1,0,6
1529074,0,0,1,10
844096,0,0,1,12
866882,6,2,0,1
206792,8,0,0,1
384422,5,0,0,5
169533,3,0,0,9
500874,3,0,2,8
370079,3,1,0,8
501699,4,0,0,3
143210,6,0,0,3
73882,3,0,1,6
260428,14,1,0,11
299974,5,1,1,5
284548,5,0,1,6
279830,0,1,0,6
5291763,4,0,0,5
1509238,6,0,1,3
151870,52,13,10,12
165792,15,0,2,22
703025,7,2,0,2
1055360,11,0,0,3
1496529,1,0,1,10
250148,10,5,2,3
4442693,7,0,1,2
116552,13,0,0,2
645280,8,0,0,18
1600057,8,0,0,8
719091,15,3,1,3
2952122,2,0,8,2
749407,16,3,3,5
898701,5,0,0,6
1242104,4,0,3,10
125534,8,1,3,5
717365,5,0,1,5
140644,5,3,1,2
1157969,16,1,0,2
514204,11,8,0,0
1008035,9,0,15,56
552250,1,0,0,5
1414525,7,0,0,5
468897,13,0,0,12
299538,11,0,0,0
360867,7,2,0,2
864150,3,0,0,11
632272,3,0,0,6
88086,4,1,0,6
705856,7,1,0,0
175007,3,0,1,9
150554,6,0,0,3
202473,19,0,2,11
1272421,2,0,10,64
402734,8,0,0,2
1420874,4,0,0,5
741096,3,3,0,1
345480,5,0,0,17
997608,3,0,0,6
348050,16,0,1,0
378163,4,0,0,3
865516,2,0,0,8
780507,8,0,0,2
584539,15,0,0,1
1151492,14,0,0,1
6534661,2,1,0,7
1223244,2,0,0,7
225958,6,1,0,2
117014,6,0,0,4
1201147,5,5,1,3
936430,8,0,0,1
65858,11,1,1,10
402853,13,0,1,9
724618,9,0,2,12
65854,28,1,1,15
576511,15,0,35,15
1112658,4,0,1,1
68606,15,1,2,5
484824,6,0,0,5
188277,39,1,29,18
24045,72,1,38,32
192241,10,0,0,13
578798,17,0,1,13
239836,5,1,1,8
275776,15,1,0,9
693720,4,0,1,5
220542,4,1,1,6
57069,11,0,2,14
218931,6,0,0,10
239790,4,1,1,7
220578,6,0,0,4
65903,41,1,29,22
852712,0,0,2,9
25768,15,0,2,8
436949,4,0,2,7
1428854,4,0,10,6
502798,14,5,0,0
7372459,10,1,0,1
3647356,1,0,5,16
566305,2,0,1,3
733006,24,3,1,3
265508,5,0,0,4
3540419,1,0,0,14
814628,21,1,1,2
6353961,0,0,0,12
1306102,1,0,2,9
6493267,14,3,1,2
1126562,0,0,1,0
6627563,0,0,1,0
1017457,4,0,9,6
620417,1,0,0,8
879863,13,0,1,6
1025225,7,0,1,7
1206913,0,0,26,1
1271847,1,0,4,10
852988,12,0,23,15
1250147,0,0,1,14
1273375,8,0,0,7
50289,83,0,69,19
6773878,17,1,0,1
1441282,6,1,1,3
4407583,13,0,1,2
628838,37,3,0,4
6413482,4,0,29,45
1500357,4,1,0,4
737901,6,0,1,19
1290559,7,0,0,2
129555,13,0,8,0
709774,6,0,0,2
370918,10,0,0,6
1127064,0,0,2,7
450646,1,0,13,5
205113,4,1,0,5
3097185,1,0,0,7
651729,3,1,0,9
1308840,5,0,0,4
1586419,0,0,3,7
144677,8,0,0,0
1513665,9,0,0,4
516585,5,0,1,24
12897,15,0,3,55
428048,23,0,0,4
453873,14,1,0,2
77061,27,0,11,59
547161,5,1,0,7
587767,14,0,0,4
633434,8,0,2,3
1223008,5,1,0,4
771151,12,0,1,4
1096217,6,0,0,5
2897801,17,0,0,9
612127,6,2,0,0
1577764,5,0,0,9
184490,10,3,0,0
1050634,7,0,0,2
70295,16,0,0,20
841483,1,0,0,1
7061534,9,0,1,5
500654,1,0,0,10
497303,27,1,11,41
685310,3,0,7,10
620278,2,0,12,8
340933,15,0,0,1
479914,2,0,6,21
568071,3,0,0,9
53908,5,0,16,34
783181,1,0,4,4
53850,1,0,3,23
1396788,0,0,1,13
53903,0,0,3,9
53875,0,0,0,55
53845,2,0,31,50
1030157,6,0,0,7
729243,4,0,0,7
552858,0,0,6,6
127354,3,0,6,7
53914,0,0,3,5
1033400,5,1,0,5
64678,7,0,1,6
954709,9,0,9,18
217495,5,1,2,3
856639,8,0,0,5
654844,2,0,1,4
530053,5,0,0,4
5011017,3,0,2,2
5011053,3,0,0,1
487103,14,1,0,2
689712,10,0,0,2
7122967,4,0,0,10
802409,6,0,0,3
7016794,0,0,1,4
3180952,3,0,0,7
922201,2,0,0,16
101490,3,0,1,6
746461,5,0,16,23
783196,0,0,12,12
125566,7,0,2,7
1313214,0,0,0,3
314785,15,0,0,6
717285,1,1,0,4
378588,5,0,0,3
1428502,0,0,20,3
486675,8,0,0,3
542754,2,0,1,7
941562,8,0,4,7
556322,26,0,0,2
390053,10,0,0,1
409508,1,2,2,6
1322923,16,0,0,18
7046884,10,0,4,9
827112,5,0,0,12
11818,18,2,0,1
1051558,6,2,0,1
1219318,14,0,0,0
431859,2,0,0,10
764878,6,0,0,13
442353,7,0,0,0
306502,16,9,0,7
57930,7,0,0,12
497451,11,0,0,6
942158,6,0,1,2
6381109,1,0,0,11
48244,28,0,0,2
784046,2,0,0,9
1859316,1,0,0,1
87838,6,1,0,5
575208,14,0,0,0
246350,4,0,24,72
375962,4,0,0,21
285112,1,4,0,4
427833,12,1,0,0
812858,5,0,0,2
615049,5,1,0,4
456263,0,0,3,13
141991,1,0,1,10
786937,7,2,0,10
414839,3,0,0,6
644668,3,0,0,7
1295965,1,0,0,16
507916,5,0,0,2
1552810,2,0,0,1
716116,4,2,1,10
557145,43,3,4,6
444189,11,6,0,4
1009601,2,0,0,6
6421189,7,0,0,5
1402009,6,0,0,5
1466578,1,0,0,3
1028754,0,0,0,9
513294,10,0,0,2
856380,5,2,0,3
360075,6,1,3,5
1099008,1,0,1,4
222417,4,0,2,4
776037,2,0,11,9
6931369,0,0,8,12
732296,9,0,0,0
231512,14,0,0,2
435118,9,0,0,4
824873,2,0,0,7
307469,2,0,2,1
518622,11,2,3,6
321609,12,0,0,5
1570160,4,0,0,4
86617,14,7,0,4
1864039,16,3,7,13
321595,10,0,0,1
210413,5,0,1,4
532229,2,0,4,13
568526,7,1,0,2
255036,15,0,0,0
594391,3,1,0,4
313492,9,0,4,10
316251,8,1,0,1
36262,87,1,0,9
398885,7,0,0,1
153567,2,2,3,9
223895,1,1,0,6
439976,0,0,1,4
6497759,15,19,4,6
5841655,3,0,0,14
7123880,4,0,0,5
7030667,1,0,1,8
6410127,4,0,0,7
821601,4,0,0,4
5108469,13,0,0,0
1603590,1,0,0,16
725219,4,0,0,3
17511,7,0,1,6
5478664,0,0,0,1
6857086,3,0,0,3
398655,10,0,0,3
225720,1,1,0,5
787731,12,0,0,5
238040,9,0,0,9
234706,4,0,0,4
607680,9,0,3,6
66597,6,0,0,1
485560,2,0,0,7
1406508,0,0,1,6
20583,98,0,114,26
59288,27,0,8,13
907075,5,0,1,4
668308,8,1,3,8
59278,23,0,13,9
59272,36,0,92,14
59268,25,3,9,4
59261,27,1,8,2
59259,29,0,7,5
6279270,5,0,7,25
239809,4,1,1,5
239772,4,1,0,5
468938,17,8,0,1
4255522,7,0,1,4
6599862,5,0,3,3
826498,11,2,82,35
153779,13,1,0,3
303070,3,0,0,3
1351965,10,1,0,1
405054,21,1,0,7
971482,1,0,1,5
874794,10,2,0,3
513386,6,0,1,3
747134,9,0,1,1
1577763,3,0,0,9
172225,7,0,1,2
184560,5,6,0,1
507781,3,0,1,2
293051,1,0,1,5
268548,4,1,4,5
403131,1,0,3,7
156801,1,0,2,14
205109,4,0,2,3
4516734,24,3,0,5
5310377,4,0,0,0
966473,1,4,0,1
2713786,3,0,0,2
1319674,3,1,0,5
743293,4,0,15,5
179932,23,7,1,5
776029,0,0,8,2
553002,8,0,94,43
927884,6,1,1,5
1274523,8,0,0,0
502863,17,1,10,6
3020726,0,0,0,4
331193,12,6,1,3
1247356,6,0,3,2
140550,6,12,0,0
6740941,0,0,1,0
51015,4,3,4,5
52493,5,0,2,5
79954,2,0,0,16
110883,5,0,1,4
52507,4,0,6,0
6896702,2,0,2,4
697218,23,3,0,2
7004921,2,0,1,2
6396803,7,0,0,1
682612,3,0,1,6
1596544,1,0,18,3
6951474,0,0,0,1
1355273,6,0,1,4
516669,8,1,2,4
1349835,4,0,0,7
1397531,9,0,2,4
1140963,5,1,2,1
991764,2,0,8,20
300381,4,5,0,2
733302,9,1,3,4
377923,16,0,0,1
505563,1,0,0,9
1006616,3,0,0,4
717741,150,0,44,32
94061,2,0,1,7
1097348,10,2,1,4
80571,8,0,0,7
115854,2,0,4,8
3682704,4,0,0,4
112998,4,0,3,5
783150,1,1,5,4
984827,0,0,1,10
1120633,4,0,0,1
904254,2,0,1,7
221579,2,2,5,2
156765,3,0,0,6
153462,5,0,1,3
174520,8,0,0,1
941413,5,0,1,21
10670,4,0,0,6
587431,5,0,0,5
616355,11,1,0,4
25231,15,3,0,1
2587660,16,0,0,0
1361227,31,0,1,8
255349,4,0,0,5
273060,5,0,2,10
372347,15,0,1,8
1055026,17,0,1,7
1386529,12,0,4,10
649574,4,0,0,8
594026,9,0,1,7
6932846,57,3,0,18
7061694,8,0,0,6
1573705,1,0,4,4
356215,14,4,0,1
1404086,10,0,1,2
1420649,4,0,0,3
988224,1,0,0,5
837229,6,0,0,10
377663,10,1,0,11
170105,7,0,0,2
170787,3,1,2,6
524751,3,0,0,2
171673,6,0,0,2
170068,6,1,2,1
148295,3,0,0,3
151104,4,0,0,9
265757,7,2,0,1
747214,7,0,0,2
940206,1,1,2,7
512596,7,1,0,1
1126111,2,0,2,4
280709,6,0,0,6
224890,8,0,0,9
485883,12,0,0,2
5365268,0,0,8,6
399372,10,1,0,0
6249058,24,3,1,5
6477186,0,0,0,2
247628,5,0,2,4
705100,9,0,17,6
105073,10,1,0,6
578838,4,0,0,6
318923,4,1,1,7
753292,3,0,1,4
23179,75,1,54,35
24533,30,0,12,11
244268,30,2,34,7
634361,20,0,32,7
56242,48,0,32,1
4045589,6,0,12,9
68697,16,0,4,9
826299,9,0,2,6
119155,18,0,18,8
372096,15,1,1,4
73512,6,0,0,5
14689,5,0,0,4
883087,0,0,4,1
109815,25,0,12,13
24782,78,1,44,13
7199220,16,2,4,5
113461,8,1,0,7
487784,18,0,0,12
985806,2,0,4,7
598580,0,0,6,3
6188911,2,0,0,11
561981,15,0,0,1
3856903,11,0,0,0
407665,11,0,2,25
510913,1,0,1,9
1669916,3,1,0,4
641239,1,0,8,2
789219,2,0,5,2
300175,15,3,0,0
4590520,3,0,1,2
1567691,8,0,0,1
492093,5,0,2,1
73879,2,0,4,1
54923,15,0,15,3
231370,4,0,1,4
152853,17,0,3,14
35615,5,0,0,7
98453,21,0,12,12
951145,9,0,3,3
26179,5,0,1,12
210698,30,0,11,10
763221,1,0,0,8
256011,10,1,1,2
492849,7,0,0,4
3483960,23,11,0,3
383148,15,1,0,0
2857173,1,0,1,1
296716,11,0,0,2
543577,11,0,0,4
5068160,12,6,0,31
200803,1,0,2,8
2466480,14,0,2,2
2539830,8,2,2,2
1104313,2,0,0,9
220530,5,0,1,5
1251972,17,0,6,5
1360791,8,0,1,7
355721,13,2,0,0
1242623,12,0,0,1
1279194,89,19,7,17
1885880,1,0,0,1
1693514,0,0,0,1
1693382,1,0,0,1
341426,3,0,0,4
1233111,5,0,0,3
65520,7,0,0,6
234626,2,0,5,3
255505,10,2,1,5
300758,9,3,2,1
322266,6,0,1,3
47093,1,8,6,3
153973,7,0,0,2
75143,2,0,0,4
228504,1,0,17,4
228671,2,0,0,6
4067979,1,0,4,11
20313,386,10,166,151
176081,9,1,1,2
63226,43,1,29,15
24780,75,0,35,18
242933,23,0,1,11
23181,118,3,58,43
292998,11,0,4,7
375910,7,0,2,3
88438,29,1,11,11
3356872,10,1,3,25
206740,24,1,37,12
218602,12,0,11,7
23944,13,0,5,9
102183,26,0,16,14
145594,9,0,1,3
29575,11,0,5,8
1245999,5,0,0,16
1418554,2,0,0,0
746752,3,0,5,3
17180,7,0,0,2
164910,10,0,8,5
347562,5,0,0,2
2953630,0,0,1,13
99025,5,1,1,4
6354103,0,0,0,2
6420514,11,0,1,0
511665,1,1,0,5
64684,22,0,14,4
1902173,3,0,0,4
270914,6,0,1,1
1566368,8,6,6,17
1208312,0,0,7,5
949206,2,0,0,1
941566,2,0,0,2
840389,3,0,0,0
1291209,6,0,5,10
1450170,1,0,0,8
1176556,1,0,0,0
403550,3,0,0,7
682015,6,0,2,2
722924,4,0,2,6
800845,8,0,7,5
231368,6,0,1,2
733015,7,2,3,6
682578,5,0,3,2
165951,8,0,0,5
576504,15,1,40,12
239784,2,1,0,2
233236,6,1,0,3
123968,5,3,1,0
165204,2,0,0,3
25707,11,0,4,8
982488,5,0,2,15
1592509,0,0,0,7
329750,5,0,0,5
1265370,1,0,0,2
6545505,19,8,0,3
4593181,2,0,0,15
1477807,4,0,8,6
779099,2,0,2,12
1139093,1,0,1,8
1178517,1,0,3,6
563731,5,0,36,9
823609,5,0,14,3
895838,3,0,6,1
701849,1,0,1,5
813720,7,0,0,1
1846198,0,0,0,1
7230102,4,7,0,5
6370233,1,0,16,11
7353347,12,2,0,0
7310487,7,0,2,3
1551366,3,0,3,9
6701027,1,0,0,0
3312329,7,0,1,6
570532,0,5,1,0
840908,10,0,0,1
833003,7,3,1,4
6429359,8,3,0,1
1298112,1,0,1,11
1174456,12,0,3,8
6334180,0,0,11,33
6554425,14,0,0,0
177949,2,0,3,9
520778,25,0,2,3
659620,6,3,1,1
432902,43,6,1,5
111792,22,1,2,28
4040829,0,0,5,8
2954414,2,0,0,0
1181531,7,0,2,3
731872,11,0,0,0
575174,9,1,0,3
841240,2,0,3,8
6487036,0,0,0,1
900864,6,1,0,2
747800,10,0,1,4
3297387,20,6,2,8
3340744,1,0,12,0
6522252,1,0,0,0
682846,5,2,0,1
408500,3,0,0,4
726838,24,2,16,14
6418190,0,0,0,2
562741,6,5,0,0
6972741,14,7,0,9
6892367,31,1,2,5
1373054,11,0,0,1
7039409,2,0,3,6
5494766,1,0,5,8
2387968,29,2,0,0
7207074,1,0,2,7
96487,2,0,0,9
2963183,8,0,0,3
602353,9,0,0,4
826429,3,1,0,6
658090,14,1,0,5
6291088,16,2,79,57
1480187,53,6,0,13
6910790,4,6,0,5
769872,1,0,15,27
1485697,20,0,0,17
7135358,17,0,0,1
540910,2,0,0,1
1311039,6,9,1,5
4740549,0,0,9,13
3762582,7,1,6,4
716844,11,2,1,4
928302,0,0,0,13
1174905,2,0,1,18
6545890,2,0,2,6
7324223,3,0,0,6
549899,5,3,0,2
3423665,6,1,0,4
530342,0,0,0,1
7110637,0,0,3,11
7416428,0,0,0,10
3641926,0,0,10,3
3316692,13,0,1,3
6697419,7,0,0,0
1513212,1,0,0,1
6590289,7,5,0,3
1576798,1,0,0,0
1119539,0,0,0,1
7239187,27,30,6,61
1116963,1,0,0,0
6990740,7,1,1,1
6816325,7,0,0,1
6754149,1,0,13,10
